keyword,service,city,intent,target_path
"jasa pet sitter jakarta","pet-sitter","Jakarta","jasa","/pet-sitter"
"jasa pet sitter bogor","pet-sitter","Bogor","jasa","/pet-sitter"
"jasa pet sitter depok","pet-sitter","Depok","jasa","/pet-sitter"
"jasa pet sitter tangerang","pet-sitter","Tangerang","jasa","/pet-sitter"
"jasa pet sitter bekasi","pet-sitter","Bekasi","jasa","/pet-sitter"
"jasa pet sitter bandung","pet-sitter","Bandung","jasa","/pet-sitter"
"jasa pet sitter surabaya","pet-sitter","Surabaya","jasa","/pet-sitter"
"jasa pet sitter semarang","pet-sitter","Semarang","jasa","/pet-sitter"
"jasa pet sitter yogyakarta","pet-sitter","Yogyakarta","jasa","/pet-sitter"
"jasa pet sitter denpasar","pet-sitter","Denpasar","jasa","/pet-sitter"
"jasa pet sitter medan","pet-sitter","Medan","jasa","/pet-sitter"
"jasa pet sitter makassar","pet-sitter","Makassar","jasa","/pet-sitter"
"jasa pet sitter malang","pet-sitter","Malang","jasa","/pet-sitter"
"jasa pet sitter solo","pet-sitter","Solo","jasa","/pet-sitter"
"jasa pet sitter batam","pet-sitter","Batam","jasa","/pet-sitter"
"jasa pet sitter balikpapan","pet-sitter","Balikpapan","jasa","/pet-sitter"
"jasa pet sitter samarinda","pet-sitter","Samarinda","jasa","/pet-sitter"
"jasa pet sitter palembang","pet-sitter","Palembang","jasa","/pet-sitter"
"jasa pet sitter pekanbaru","pet-sitter","Pekanbaru","jasa","/pet-sitter"
"jasa pet sitter manado","pet-sitter","Manado","jasa","/pet-sitter"
"cari pet sitter jakarta","pet-sitter","Jakarta","cari","/pet-sitter"
"cari pet sitter bogor","pet-sitter","Bogor","cari","/pet-sitter"
"cari pet sitter depok","pet-sitter","Depok","cari","/pet-sitter"
"cari pet sitter tangerang","pet-sitter","Tangerang","cari","/pet-sitter"
"cari pet sitter bekasi","pet-sitter","Bekasi","cari","/pet-sitter"
"cari pet sitter bandung","pet-sitter","Bandung","cari","/pet-sitter"
"cari pet sitter surabaya","pet-sitter","Surabaya","cari","/pet-sitter"
"cari pet sitter semarang","pet-sitter","Semarang","cari","/pet-sitter"
"cari pet sitter yogyakarta","pet-sitter","Yogyakarta","cari","/pet-sitter"
"cari pet sitter denpasar","pet-sitter","Denpasar","cari","/pet-sitter"
"cari pet sitter medan","pet-sitter","Medan","cari","/pet-sitter"
"cari pet sitter makassar","pet-sitter","Makassar","cari","/pet-sitter"
"cari pet sitter malang","pet-sitter","Malang","cari","/pet-sitter"
"cari pet sitter solo","pet-sitter","Solo","cari","/pet-sitter"
"cari pet sitter batam","pet-sitter","Batam","cari","/pet-sitter"
"cari pet sitter balikpapan","pet-sitter","Balikpapan","cari","/pet-sitter"
"cari pet sitter samarinda","pet-sitter","Samarinda","cari","/pet-sitter"
"cari pet sitter palembang","pet-sitter","Palembang","cari","/pet-sitter"
"cari pet sitter pekanbaru","pet-sitter","Pekanbaru","cari","/pet-sitter"
"cari pet sitter manado","pet-sitter","Manado","cari","/pet-sitter"
"biaya pet sitter jakarta","pet-sitter","Jakarta","biaya","/pet-sitter"
"biaya pet sitter bogor","pet-sitter","Bogor","biaya","/pet-sitter"
"biaya pet sitter depok","pet-sitter","Depok","biaya","/pet-sitter"
"biaya pet sitter tangerang","pet-sitter","Tangerang","biaya","/pet-sitter"
"biaya pet sitter bekasi","pet-sitter","Bekasi","biaya","/pet-sitter"
"biaya pet sitter bandung","pet-sitter","Bandung","biaya","/pet-sitter"
"biaya pet sitter surabaya","pet-sitter","Surabaya","biaya","/pet-sitter"
"biaya pet sitter semarang","pet-sitter","Semarang","biaya","/pet-sitter"
"biaya pet sitter yogyakarta","pet-sitter","Yogyakarta","biaya","/pet-sitter"
"biaya pet sitter denpasar","pet-sitter","Denpasar","biaya","/pet-sitter"
"biaya pet sitter medan","pet-sitter","Medan","biaya","/pet-sitter"
"biaya pet sitter makassar","pet-sitter","Makassar","biaya","/pet-sitter"
"biaya pet sitter malang","pet-sitter","Malang","biaya","/pet-sitter"
"biaya pet sitter solo","pet-sitter","Solo","biaya","/pet-sitter"
"biaya pet sitter batam","pet-sitter","Batam","biaya","/pet-sitter"
"biaya pet sitter balikpapan","pet-sitter","Balikpapan","biaya","/pet-sitter"
"biaya pet sitter samarinda","pet-sitter","Samarinda","biaya","/pet-sitter"
"biaya pet sitter palembang","pet-sitter","Palembang","biaya","/pet-sitter"
"biaya pet sitter pekanbaru","pet-sitter","Pekanbaru","biaya","/pet-sitter"
"biaya pet sitter manado","pet-sitter","Manado","biaya","/pet-sitter"
"harga pet sitter jakarta","pet-sitter","Jakarta","harga","/pet-sitter"
"harga pet sitter bogor","pet-sitter","Bogor","harga","/pet-sitter"
"harga pet sitter depok","pet-sitter","Depok","harga","/pet-sitter"
"harga pet sitter tangerang","pet-sitter","Tangerang","harga","/pet-sitter"
"harga pet sitter bekasi","pet-sitter","Bekasi","harga","/pet-sitter"
"harga pet sitter bandung","pet-sitter","Bandung","harga","/pet-sitter"
"harga pet sitter surabaya","pet-sitter","Surabaya","harga","/pet-sitter"
"harga pet sitter semarang","pet-sitter","Semarang","harga","/pet-sitter"
"harga pet sitter yogyakarta","pet-sitter","Yogyakarta","harga","/pet-sitter"
"harga pet sitter denpasar","pet-sitter","Denpasar","harga","/pet-sitter"
"harga pet sitter medan","pet-sitter","Medan","harga","/pet-sitter"
"harga pet sitter makassar","pet-sitter","Makassar","harga","/pet-sitter"
"harga pet sitter malang","pet-sitter","Malang","harga","/pet-sitter"
"harga pet sitter solo","pet-sitter","Solo","harga","/pet-sitter"
"harga pet sitter batam","pet-sitter","Batam","harga","/pet-sitter"
"harga pet sitter balikpapan","pet-sitter","Balikpapan","harga","/pet-sitter"
"harga pet sitter samarinda","pet-sitter","Samarinda","harga","/pet-sitter"
"harga pet sitter palembang","pet-sitter","Palembang","harga","/pet-sitter"
"harga pet sitter pekanbaru","pet-sitter","Pekanbaru","harga","/pet-sitter"
"harga pet sitter manado","pet-sitter","Manado","harga","/pet-sitter"
"layanan pet sitter jakarta","pet-sitter","Jakarta","layanan","/pet-sitter"
"layanan pet sitter bogor","pet-sitter","Bogor","layanan","/pet-sitter"
"layanan pet sitter depok","pet-sitter","Depok","layanan","/pet-sitter"
"layanan pet sitter tangerang","pet-sitter","Tangerang","layanan","/pet-sitter"
"layanan pet sitter bekasi","pet-sitter","Bekasi","layanan","/pet-sitter"
"layanan pet sitter bandung","pet-sitter","Bandung","layanan","/pet-sitter"
"layanan pet sitter surabaya","pet-sitter","Surabaya","layanan","/pet-sitter"
"layanan pet sitter semarang","pet-sitter","Semarang","layanan","/pet-sitter"
"layanan pet sitter yogyakarta","pet-sitter","Yogyakarta","layanan","/pet-sitter"
"layanan pet sitter denpasar","pet-sitter","Denpasar","layanan","/pet-sitter"
"layanan pet sitter medan","pet-sitter","Medan","layanan","/pet-sitter"
"layanan pet sitter makassar","pet-sitter","Makassar","layanan","/pet-sitter"
"layanan pet sitter malang","pet-sitter","Malang","layanan","/pet-sitter"
"layanan pet sitter solo","pet-sitter","Solo","layanan","/pet-sitter"
"layanan pet sitter batam","pet-sitter","Batam","layanan","/pet-sitter"
"layanan pet sitter balikpapan","pet-sitter","Balikpapan","layanan","/pet-sitter"
"layanan pet sitter samarinda","pet-sitter","Samarinda","layanan","/pet-sitter"
"layanan pet sitter palembang","pet-sitter","Palembang","layanan","/pet-sitter"
"layanan pet sitter pekanbaru","pet-sitter","Pekanbaru","layanan","/pet-sitter"
"layanan pet sitter manado","pet-sitter","Manado","layanan","/pet-sitter"
"tips memilih pet sitter jakarta","pet-sitter","Jakarta","tips memilih","/pet-sitter"
"tips memilih pet sitter bogor","pet-sitter","Bogor","tips memilih","/pet-sitter"
"tips memilih pet sitter depok","pet-sitter","Depok","tips memilih","/pet-sitter"
"tips memilih pet sitter tangerang","pet-sitter","Tangerang","tips memilih","/pet-sitter"
"tips memilih pet sitter bekasi","pet-sitter","Bekasi","tips memilih","/pet-sitter"
"tips memilih pet sitter bandung","pet-sitter","Bandung","tips memilih","/pet-sitter"
"tips memilih pet sitter surabaya","pet-sitter","Surabaya","tips memilih","/pet-sitter"
"tips memilih pet sitter semarang","pet-sitter","Semarang","tips memilih","/pet-sitter"
"tips memilih pet sitter yogyakarta","pet-sitter","Yogyakarta","tips memilih","/pet-sitter"
"tips memilih pet sitter denpasar","pet-sitter","Denpasar","tips memilih","/pet-sitter"
"tips memilih pet sitter medan","pet-sitter","Medan","tips memilih","/pet-sitter"
"tips memilih pet sitter makassar","pet-sitter","Makassar","tips memilih","/pet-sitter"
"tips memilih pet sitter malang","pet-sitter","Malang","tips memilih","/pet-sitter"
"tips memilih pet sitter solo","pet-sitter","Solo","tips memilih","/pet-sitter"
"tips memilih pet sitter batam","pet-sitter","Batam","tips memilih","/pet-sitter"
"tips memilih pet sitter balikpapan","pet-sitter","Balikpapan","tips memilih","/pet-sitter"
"tips memilih pet sitter samarinda","pet-sitter","Samarinda","tips memilih","/pet-sitter"
"tips memilih pet sitter palembang","pet-sitter","Palembang","tips memilih","/pet-sitter"
"tips memilih pet sitter pekanbaru","pet-sitter","Pekanbaru","tips memilih","/pet-sitter"
"tips memilih pet sitter manado","pet-sitter","Manado","tips memilih","/pet-sitter"
"persiapan menggunakan pet sitter jakarta","pet-sitter","Jakarta","persiapan menggunakan","/pet-sitter"
"persiapan menggunakan pet sitter bogor","pet-sitter","Bogor","persiapan menggunakan","/pet-sitter"
"persiapan menggunakan pet sitter depok","pet-sitter","Depok","persiapan menggunakan","/pet-sitter"
"persiapan menggunakan pet sitter tangerang","pet-sitter","Tangerang","persiapan menggunakan","/pet-sitter"
"persiapan menggunakan pet sitter bekasi","pet-sitter","Bekasi","persiapan menggunakan","/pet-sitter"
"persiapan menggunakan pet sitter bandung","pet-sitter","Bandung","persiapan menggunakan","/pet-sitter"
"persiapan menggunakan pet sitter surabaya","pet-sitter","Surabaya","persiapan menggunakan","/pet-sitter"
"persiapan menggunakan pet sitter semarang","pet-sitter","Semarang","persiapan menggunakan","/pet-sitter"
"persiapan menggunakan pet sitter yogyakarta","pet-sitter","Yogyakarta","persiapan menggunakan","/pet-sitter"
"persiapan menggunakan pet sitter denpasar","pet-sitter","Denpasar","persiapan menggunakan","/pet-sitter"
"persiapan menggunakan pet sitter medan","pet-sitter","Medan","persiapan menggunakan","/pet-sitter"
"persiapan menggunakan pet sitter makassar","pet-sitter","Makassar","persiapan menggunakan","/pet-sitter"
"persiapan menggunakan pet sitter malang","pet-sitter","Malang","persiapan menggunakan","/pet-sitter"
"persiapan menggunakan pet sitter solo","pet-sitter","Solo","persiapan menggunakan","/pet-sitter"
"persiapan menggunakan pet sitter batam","pet-sitter","Batam","persiapan menggunakan","/pet-sitter"
"persiapan menggunakan pet sitter balikpapan","pet-sitter","Balikpapan","persiapan menggunakan","/pet-sitter"
"persiapan menggunakan pet sitter samarinda","pet-sitter","Samarinda","persiapan menggunakan","/pet-sitter"
"persiapan menggunakan pet sitter palembang","pet-sitter","Palembang","persiapan menggunakan","/pet-sitter"
"persiapan menggunakan pet sitter pekanbaru","pet-sitter","Pekanbaru","persiapan menggunakan","/pet-sitter"
"persiapan menggunakan pet sitter manado","pet-sitter","Manado","persiapan menggunakan","/pet-sitter"
"panduan pet sitter jakarta","pet-sitter","Jakarta","panduan","/pet-sitter"
"panduan pet sitter bogor","pet-sitter","Bogor","panduan","/pet-sitter"
"panduan pet sitter depok","pet-sitter","Depok","panduan","/pet-sitter"
"panduan pet sitter tangerang","pet-sitter","Tangerang","panduan","/pet-sitter"
"panduan pet sitter bekasi","pet-sitter","Bekasi","panduan","/pet-sitter"
"panduan pet sitter bandung","pet-sitter","Bandung","panduan","/pet-sitter"
"panduan pet sitter surabaya","pet-sitter","Surabaya","panduan","/pet-sitter"
"panduan pet sitter semarang","pet-sitter","Semarang","panduan","/pet-sitter"
"panduan pet sitter yogyakarta","pet-sitter","Yogyakarta","panduan","/pet-sitter"
"panduan pet sitter denpasar","pet-sitter","Denpasar","panduan","/pet-sitter"
"panduan pet sitter medan","pet-sitter","Medan","panduan","/pet-sitter"
"panduan pet sitter makassar","pet-sitter","Makassar","panduan","/pet-sitter"
"panduan pet sitter malang","pet-sitter","Malang","panduan","/pet-sitter"
"panduan pet sitter solo","pet-sitter","Solo","panduan","/pet-sitter"
"panduan pet sitter batam","pet-sitter","Batam","panduan","/pet-sitter"
"panduan pet sitter balikpapan","pet-sitter","Balikpapan","panduan","/pet-sitter"
"panduan pet sitter samarinda","pet-sitter","Samarinda","panduan","/pet-sitter"
"panduan pet sitter palembang","pet-sitter","Palembang","panduan","/pet-sitter"
"panduan pet sitter pekanbaru","pet-sitter","Pekanbaru","panduan","/pet-sitter"
"panduan pet sitter manado","pet-sitter","Manado","panduan","/pet-sitter"
"lowongan part time pet sitter jakarta","pet-sitter","Jakarta","lowongan part time","/career/pet-sitter"
"lowongan part time pet sitter bogor","pet-sitter","Bogor","lowongan part time","/career/pet-sitter"
"lowongan part time pet sitter depok","pet-sitter","Depok","lowongan part time","/career/pet-sitter"
"lowongan part time pet sitter tangerang","pet-sitter","Tangerang","lowongan part time","/career/pet-sitter"
"lowongan part time pet sitter bekasi","pet-sitter","Bekasi","lowongan part time","/career/pet-sitter"
"lowongan part time pet sitter bandung","pet-sitter","Bandung","lowongan part time","/career/pet-sitter"
"lowongan part time pet sitter surabaya","pet-sitter","Surabaya","lowongan part time","/career/pet-sitter"
"lowongan part time pet sitter semarang","pet-sitter","Semarang","lowongan part time","/career/pet-sitter"
"lowongan part time pet sitter yogyakarta","pet-sitter","Yogyakarta","lowongan part time","/career/pet-sitter"
"lowongan part time pet sitter denpasar","pet-sitter","Denpasar","lowongan part time","/career/pet-sitter"
"lowongan part time pet sitter medan","pet-sitter","Medan","lowongan part time","/career/pet-sitter"
"lowongan part time pet sitter makassar","pet-sitter","Makassar","lowongan part time","/career/pet-sitter"
"lowongan part time pet sitter malang","pet-sitter","Malang","lowongan part time","/career/pet-sitter"
"lowongan part time pet sitter solo","pet-sitter","Solo","lowongan part time","/career/pet-sitter"
"lowongan part time pet sitter batam","pet-sitter","Batam","lowongan part time","/career/pet-sitter"
"lowongan part time pet sitter balikpapan","pet-sitter","Balikpapan","lowongan part time","/career/pet-sitter"
"lowongan part time pet sitter samarinda","pet-sitter","Samarinda","lowongan part time","/career/pet-sitter"
"lowongan part time pet sitter palembang","pet-sitter","Palembang","lowongan part time","/career/pet-sitter"
"lowongan part time pet sitter pekanbaru","pet-sitter","Pekanbaru","lowongan part time","/career/pet-sitter"
"lowongan part time pet sitter manado","pet-sitter","Manado","lowongan part time","/career/pet-sitter"
"freelance pet sitter jakarta","pet-sitter","Jakarta","freelance","/career/pet-sitter"
"freelance pet sitter bogor","pet-sitter","Bogor","freelance","/career/pet-sitter"
"freelance pet sitter depok","pet-sitter","Depok","freelance","/career/pet-sitter"
"freelance pet sitter tangerang","pet-sitter","Tangerang","freelance","/career/pet-sitter"
"freelance pet sitter bekasi","pet-sitter","Bekasi","freelance","/career/pet-sitter"
"freelance pet sitter bandung","pet-sitter","Bandung","freelance","/career/pet-sitter"
"freelance pet sitter surabaya","pet-sitter","Surabaya","freelance","/career/pet-sitter"
"freelance pet sitter semarang","pet-sitter","Semarang","freelance","/career/pet-sitter"
"freelance pet sitter yogyakarta","pet-sitter","Yogyakarta","freelance","/career/pet-sitter"
"freelance pet sitter denpasar","pet-sitter","Denpasar","freelance","/career/pet-sitter"
"freelance pet sitter medan","pet-sitter","Medan","freelance","/career/pet-sitter"
"freelance pet sitter makassar","pet-sitter","Makassar","freelance","/career/pet-sitter"
"freelance pet sitter malang","pet-sitter","Malang","freelance","/career/pet-sitter"
"freelance pet sitter solo","pet-sitter","Solo","freelance","/career/pet-sitter"
"freelance pet sitter batam","pet-sitter","Batam","freelance","/career/pet-sitter"
"freelance pet sitter balikpapan","pet-sitter","Balikpapan","freelance","/career/pet-sitter"
"freelance pet sitter samarinda","pet-sitter","Samarinda","freelance","/career/pet-sitter"
"freelance pet sitter palembang","pet-sitter","Palembang","freelance","/career/pet-sitter"
"freelance pet sitter pekanbaru","pet-sitter","Pekanbaru","freelance","/career/pet-sitter"
"freelance pet sitter manado","pet-sitter","Manado","freelance","/career/pet-sitter"
"jasa cat sitter jakarta","cat-sitter","Jakarta","jasa","/pet-sitter"
"jasa cat sitter bogor","cat-sitter","Bogor","jasa","/pet-sitter"
"jasa cat sitter depok","cat-sitter","Depok","jasa","/pet-sitter"
"jasa cat sitter tangerang","cat-sitter","Tangerang","jasa","/pet-sitter"
"jasa cat sitter bekasi","cat-sitter","Bekasi","jasa","/pet-sitter"
"jasa cat sitter bandung","cat-sitter","Bandung","jasa","/pet-sitter"
"jasa cat sitter surabaya","cat-sitter","Surabaya","jasa","/pet-sitter"
"jasa cat sitter semarang","cat-sitter","Semarang","jasa","/pet-sitter"
"jasa cat sitter yogyakarta","cat-sitter","Yogyakarta","jasa","/pet-sitter"
"jasa cat sitter denpasar","cat-sitter","Denpasar","jasa","/pet-sitter"
"jasa cat sitter medan","cat-sitter","Medan","jasa","/pet-sitter"
"jasa cat sitter makassar","cat-sitter","Makassar","jasa","/pet-sitter"
"jasa cat sitter malang","cat-sitter","Malang","jasa","/pet-sitter"
"jasa cat sitter solo","cat-sitter","Solo","jasa","/pet-sitter"
"jasa cat sitter batam","cat-sitter","Batam","jasa","/pet-sitter"
"jasa cat sitter balikpapan","cat-sitter","Balikpapan","jasa","/pet-sitter"
"jasa cat sitter samarinda","cat-sitter","Samarinda","jasa","/pet-sitter"
"jasa cat sitter palembang","cat-sitter","Palembang","jasa","/pet-sitter"
"jasa cat sitter pekanbaru","cat-sitter","Pekanbaru","jasa","/pet-sitter"
"jasa cat sitter manado","cat-sitter","Manado","jasa","/pet-sitter"
"cari cat sitter jakarta","cat-sitter","Jakarta","cari","/pet-sitter"
"cari cat sitter bogor","cat-sitter","Bogor","cari","/pet-sitter"
"cari cat sitter depok","cat-sitter","Depok","cari","/pet-sitter"
"cari cat sitter tangerang","cat-sitter","Tangerang","cari","/pet-sitter"
"cari cat sitter bekasi","cat-sitter","Bekasi","cari","/pet-sitter"
"cari cat sitter bandung","cat-sitter","Bandung","cari","/pet-sitter"
"cari cat sitter surabaya","cat-sitter","Surabaya","cari","/pet-sitter"
"cari cat sitter semarang","cat-sitter","Semarang","cari","/pet-sitter"
"cari cat sitter yogyakarta","cat-sitter","Yogyakarta","cari","/pet-sitter"
"cari cat sitter denpasar","cat-sitter","Denpasar","cari","/pet-sitter"
"cari cat sitter medan","cat-sitter","Medan","cari","/pet-sitter"
"cari cat sitter makassar","cat-sitter","Makassar","cari","/pet-sitter"
"cari cat sitter malang","cat-sitter","Malang","cari","/pet-sitter"
"cari cat sitter solo","cat-sitter","Solo","cari","/pet-sitter"
"cari cat sitter batam","cat-sitter","Batam","cari","/pet-sitter"
"cari cat sitter balikpapan","cat-sitter","Balikpapan","cari","/pet-sitter"
"cari cat sitter samarinda","cat-sitter","Samarinda","cari","/pet-sitter"
"cari cat sitter palembang","cat-sitter","Palembang","cari","/pet-sitter"
"cari cat sitter pekanbaru","cat-sitter","Pekanbaru","cari","/pet-sitter"
"cari cat sitter manado","cat-sitter","Manado","cari","/pet-sitter"
"biaya cat sitter jakarta","cat-sitter","Jakarta","biaya","/pet-sitter"
"biaya cat sitter bogor","cat-sitter","Bogor","biaya","/pet-sitter"
"biaya cat sitter depok","cat-sitter","Depok","biaya","/pet-sitter"
"biaya cat sitter tangerang","cat-sitter","Tangerang","biaya","/pet-sitter"
"biaya cat sitter bekasi","cat-sitter","Bekasi","biaya","/pet-sitter"
"biaya cat sitter bandung","cat-sitter","Bandung","biaya","/pet-sitter"
"biaya cat sitter surabaya","cat-sitter","Surabaya","biaya","/pet-sitter"
"biaya cat sitter semarang","cat-sitter","Semarang","biaya","/pet-sitter"
"biaya cat sitter yogyakarta","cat-sitter","Yogyakarta","biaya","/pet-sitter"
"biaya cat sitter denpasar","cat-sitter","Denpasar","biaya","/pet-sitter"
"biaya cat sitter medan","cat-sitter","Medan","biaya","/pet-sitter"
"biaya cat sitter makassar","cat-sitter","Makassar","biaya","/pet-sitter"
"biaya cat sitter malang","cat-sitter","Malang","biaya","/pet-sitter"
"biaya cat sitter solo","cat-sitter","Solo","biaya","/pet-sitter"
"biaya cat sitter batam","cat-sitter","Batam","biaya","/pet-sitter"
"biaya cat sitter balikpapan","cat-sitter","Balikpapan","biaya","/pet-sitter"
"biaya cat sitter samarinda","cat-sitter","Samarinda","biaya","/pet-sitter"
"biaya cat sitter palembang","cat-sitter","Palembang","biaya","/pet-sitter"
"biaya cat sitter pekanbaru","cat-sitter","Pekanbaru","biaya","/pet-sitter"
"biaya cat sitter manado","cat-sitter","Manado","biaya","/pet-sitter"
"harga cat sitter jakarta","cat-sitter","Jakarta","harga","/pet-sitter"
"harga cat sitter bogor","cat-sitter","Bogor","harga","/pet-sitter"
"harga cat sitter depok","cat-sitter","Depok","harga","/pet-sitter"
"harga cat sitter tangerang","cat-sitter","Tangerang","harga","/pet-sitter"
"harga cat sitter bekasi","cat-sitter","Bekasi","harga","/pet-sitter"
"harga cat sitter bandung","cat-sitter","Bandung","harga","/pet-sitter"
"harga cat sitter surabaya","cat-sitter","Surabaya","harga","/pet-sitter"
"harga cat sitter semarang","cat-sitter","Semarang","harga","/pet-sitter"
"harga cat sitter yogyakarta","cat-sitter","Yogyakarta","harga","/pet-sitter"
"harga cat sitter denpasar","cat-sitter","Denpasar","harga","/pet-sitter"
"harga cat sitter medan","cat-sitter","Medan","harga","/pet-sitter"
"harga cat sitter makassar","cat-sitter","Makassar","harga","/pet-sitter"
"harga cat sitter malang","cat-sitter","Malang","harga","/pet-sitter"
"harga cat sitter solo","cat-sitter","Solo","harga","/pet-sitter"
"harga cat sitter batam","cat-sitter","Batam","harga","/pet-sitter"
"harga cat sitter balikpapan","cat-sitter","Balikpapan","harga","/pet-sitter"
"harga cat sitter samarinda","cat-sitter","Samarinda","harga","/pet-sitter"
"harga cat sitter palembang","cat-sitter","Palembang","harga","/pet-sitter"
"harga cat sitter pekanbaru","cat-sitter","Pekanbaru","harga","/pet-sitter"
"harga cat sitter manado","cat-sitter","Manado","harga","/pet-sitter"
"layanan cat sitter jakarta","cat-sitter","Jakarta","layanan","/pet-sitter"
"layanan cat sitter bogor","cat-sitter","Bogor","layanan","/pet-sitter"
"layanan cat sitter depok","cat-sitter","Depok","layanan","/pet-sitter"
"layanan cat sitter tangerang","cat-sitter","Tangerang","layanan","/pet-sitter"
"layanan cat sitter bekasi","cat-sitter","Bekasi","layanan","/pet-sitter"
"layanan cat sitter bandung","cat-sitter","Bandung","layanan","/pet-sitter"
"layanan cat sitter surabaya","cat-sitter","Surabaya","layanan","/pet-sitter"
"layanan cat sitter semarang","cat-sitter","Semarang","layanan","/pet-sitter"
"layanan cat sitter yogyakarta","cat-sitter","Yogyakarta","layanan","/pet-sitter"
"layanan cat sitter denpasar","cat-sitter","Denpasar","layanan","/pet-sitter"
"layanan cat sitter medan","cat-sitter","Medan","layanan","/pet-sitter"
"layanan cat sitter makassar","cat-sitter","Makassar","layanan","/pet-sitter"
"layanan cat sitter malang","cat-sitter","Malang","layanan","/pet-sitter"
"layanan cat sitter solo","cat-sitter","Solo","layanan","/pet-sitter"
"layanan cat sitter batam","cat-sitter","Batam","layanan","/pet-sitter"
"layanan cat sitter balikpapan","cat-sitter","Balikpapan","layanan","/pet-sitter"
"layanan cat sitter samarinda","cat-sitter","Samarinda","layanan","/pet-sitter"
"layanan cat sitter palembang","cat-sitter","Palembang","layanan","/pet-sitter"
"layanan cat sitter pekanbaru","cat-sitter","Pekanbaru","layanan","/pet-sitter"
"layanan cat sitter manado","cat-sitter","Manado","layanan","/pet-sitter"
"tips memilih cat sitter jakarta","cat-sitter","Jakarta","tips memilih","/pet-sitter"
"tips memilih cat sitter bogor","cat-sitter","Bogor","tips memilih","/pet-sitter"
"tips memilih cat sitter depok","cat-sitter","Depok","tips memilih","/pet-sitter"
"tips memilih cat sitter tangerang","cat-sitter","Tangerang","tips memilih","/pet-sitter"
"tips memilih cat sitter bekasi","cat-sitter","Bekasi","tips memilih","/pet-sitter"
"tips memilih cat sitter bandung","cat-sitter","Bandung","tips memilih","/pet-sitter"
"tips memilih cat sitter surabaya","cat-sitter","Surabaya","tips memilih","/pet-sitter"
"tips memilih cat sitter semarang","cat-sitter","Semarang","tips memilih","/pet-sitter"
"tips memilih cat sitter yogyakarta","cat-sitter","Yogyakarta","tips memilih","/pet-sitter"
"tips memilih cat sitter denpasar","cat-sitter","Denpasar","tips memilih","/pet-sitter"
"tips memilih cat sitter medan","cat-sitter","Medan","tips memilih","/pet-sitter"
"tips memilih cat sitter makassar","cat-sitter","Makassar","tips memilih","/pet-sitter"
"tips memilih cat sitter malang","cat-sitter","Malang","tips memilih","/pet-sitter"
"tips memilih cat sitter solo","cat-sitter","Solo","tips memilih","/pet-sitter"
"tips memilih cat sitter batam","cat-sitter","Batam","tips memilih","/pet-sitter"
"tips memilih cat sitter balikpapan","cat-sitter","Balikpapan","tips memilih","/pet-sitter"
"tips memilih cat sitter samarinda","cat-sitter","Samarinda","tips memilih","/pet-sitter"
"tips memilih cat sitter palembang","cat-sitter","Palembang","tips memilih","/pet-sitter"
"tips memilih cat sitter pekanbaru","cat-sitter","Pekanbaru","tips memilih","/pet-sitter"
"tips memilih cat sitter manado","cat-sitter","Manado","tips memilih","/pet-sitter"
"persiapan menggunakan cat sitter jakarta","cat-sitter","Jakarta","persiapan menggunakan","/pet-sitter"
"persiapan menggunakan cat sitter bogor","cat-sitter","Bogor","persiapan menggunakan","/pet-sitter"
"persiapan menggunakan cat sitter depok","cat-sitter","Depok","persiapan menggunakan","/pet-sitter"
"persiapan menggunakan cat sitter tangerang","cat-sitter","Tangerang","persiapan menggunakan","/pet-sitter"
"persiapan menggunakan cat sitter bekasi","cat-sitter","Bekasi","persiapan menggunakan","/pet-sitter"
"persiapan menggunakan cat sitter bandung","cat-sitter","Bandung","persiapan menggunakan","/pet-sitter"
"persiapan menggunakan cat sitter surabaya","cat-sitter","Surabaya","persiapan menggunakan","/pet-sitter"
"persiapan menggunakan cat sitter semarang","cat-sitter","Semarang","persiapan menggunakan","/pet-sitter"
"persiapan menggunakan cat sitter yogyakarta","cat-sitter","Yogyakarta","persiapan menggunakan","/pet-sitter"
"persiapan menggunakan cat sitter denpasar","cat-sitter","Denpasar","persiapan menggunakan","/pet-sitter"
"persiapan menggunakan cat sitter medan","cat-sitter","Medan","persiapan menggunakan","/pet-sitter"
"persiapan menggunakan cat sitter makassar","cat-sitter","Makassar","persiapan menggunakan","/pet-sitter"
"persiapan menggunakan cat sitter malang","cat-sitter","Malang","persiapan menggunakan","/pet-sitter"
"persiapan menggunakan cat sitter solo","cat-sitter","Solo","persiapan menggunakan","/pet-sitter"
"persiapan menggunakan cat sitter batam","cat-sitter","Batam","persiapan menggunakan","/pet-sitter"
"persiapan menggunakan cat sitter balikpapan","cat-sitter","Balikpapan","persiapan menggunakan","/pet-sitter"
"persiapan menggunakan cat sitter samarinda","cat-sitter","Samarinda","persiapan menggunakan","/pet-sitter"
"persiapan menggunakan cat sitter palembang","cat-sitter","Palembang","persiapan menggunakan","/pet-sitter"
"persiapan menggunakan cat sitter pekanbaru","cat-sitter","Pekanbaru","persiapan menggunakan","/pet-sitter"
"persiapan menggunakan cat sitter manado","cat-sitter","Manado","persiapan menggunakan","/pet-sitter"
"panduan cat sitter jakarta","cat-sitter","Jakarta","panduan","/pet-sitter"
"panduan cat sitter bogor","cat-sitter","Bogor","panduan","/pet-sitter"
"panduan cat sitter depok","cat-sitter","Depok","panduan","/pet-sitter"
"panduan cat sitter tangerang","cat-sitter","Tangerang","panduan","/pet-sitter"
"panduan cat sitter bekasi","cat-sitter","Bekasi","panduan","/pet-sitter"
"panduan cat sitter bandung","cat-sitter","Bandung","panduan","/pet-sitter"
"panduan cat sitter surabaya","cat-sitter","Surabaya","panduan","/pet-sitter"
"panduan cat sitter semarang","cat-sitter","Semarang","panduan","/pet-sitter"
"panduan cat sitter yogyakarta","cat-sitter","Yogyakarta","panduan","/pet-sitter"
"panduan cat sitter denpasar","cat-sitter","Denpasar","panduan","/pet-sitter"
"panduan cat sitter medan","cat-sitter","Medan","panduan","/pet-sitter"
"panduan cat sitter makassar","cat-sitter","Makassar","panduan","/pet-sitter"
"panduan cat sitter malang","cat-sitter","Malang","panduan","/pet-sitter"
"panduan cat sitter solo","cat-sitter","Solo","panduan","/pet-sitter"
"panduan cat sitter batam","cat-sitter","Batam","panduan","/pet-sitter"
"panduan cat sitter balikpapan","cat-sitter","Balikpapan","panduan","/pet-sitter"
"panduan cat sitter samarinda","cat-sitter","Samarinda","panduan","/pet-sitter"
"panduan cat sitter palembang","cat-sitter","Palembang","panduan","/pet-sitter"
"panduan cat sitter pekanbaru","cat-sitter","Pekanbaru","panduan","/pet-sitter"
"panduan cat sitter manado","cat-sitter","Manado","panduan","/pet-sitter"
"lowongan part time cat sitter jakarta","cat-sitter","Jakarta","lowongan part time","/career/pet-sitter"
"lowongan part time cat sitter bogor","cat-sitter","Bogor","lowongan part time","/career/pet-sitter"
"lowongan part time cat sitter depok","cat-sitter","Depok","lowongan part time","/career/pet-sitter"
"lowongan part time cat sitter tangerang","cat-sitter","Tangerang","lowongan part time","/career/pet-sitter"
"lowongan part time cat sitter bekasi","cat-sitter","Bekasi","lowongan part time","/career/pet-sitter"
"lowongan part time cat sitter bandung","cat-sitter","Bandung","lowongan part time","/career/pet-sitter"
"lowongan part time cat sitter surabaya","cat-sitter","Surabaya","lowongan part time","/career/pet-sitter"
"lowongan part time cat sitter semarang","cat-sitter","Semarang","lowongan part time","/career/pet-sitter"
"lowongan part time cat sitter yogyakarta","cat-sitter","Yogyakarta","lowongan part time","/career/pet-sitter"
"lowongan part time cat sitter denpasar","cat-sitter","Denpasar","lowongan part time","/career/pet-sitter"
"lowongan part time cat sitter medan","cat-sitter","Medan","lowongan part time","/career/pet-sitter"
"lowongan part time cat sitter makassar","cat-sitter","Makassar","lowongan part time","/career/pet-sitter"
"lowongan part time cat sitter malang","cat-sitter","Malang","lowongan part time","/career/pet-sitter"
"lowongan part time cat sitter solo","cat-sitter","Solo","lowongan part time","/career/pet-sitter"
"lowongan part time cat sitter batam","cat-sitter","Batam","lowongan part time","/career/pet-sitter"
"lowongan part time cat sitter balikpapan","cat-sitter","Balikpapan","lowongan part time","/career/pet-sitter"
"lowongan part time cat sitter samarinda","cat-sitter","Samarinda","lowongan part time","/career/pet-sitter"
"lowongan part time cat sitter palembang","cat-sitter","Palembang","lowongan part time","/career/pet-sitter"
"lowongan part time cat sitter pekanbaru","cat-sitter","Pekanbaru","lowongan part time","/career/pet-sitter"
"lowongan part time cat sitter manado","cat-sitter","Manado","lowongan part time","/career/pet-sitter"
"freelance cat sitter jakarta","cat-sitter","Jakarta","freelance","/career/pet-sitter"
"freelance cat sitter bogor","cat-sitter","Bogor","freelance","/career/pet-sitter"
"freelance cat sitter depok","cat-sitter","Depok","freelance","/career/pet-sitter"
"freelance cat sitter tangerang","cat-sitter","Tangerang","freelance","/career/pet-sitter"
"freelance cat sitter bekasi","cat-sitter","Bekasi","freelance","/career/pet-sitter"
"freelance cat sitter bandung","cat-sitter","Bandung","freelance","/career/pet-sitter"
"freelance cat sitter surabaya","cat-sitter","Surabaya","freelance","/career/pet-sitter"
"freelance cat sitter semarang","cat-sitter","Semarang","freelance","/career/pet-sitter"
"freelance cat sitter yogyakarta","cat-sitter","Yogyakarta","freelance","/career/pet-sitter"
"freelance cat sitter denpasar","cat-sitter","Denpasar","freelance","/career/pet-sitter"
"freelance cat sitter medan","cat-sitter","Medan","freelance","/career/pet-sitter"
"freelance cat sitter makassar","cat-sitter","Makassar","freelance","/career/pet-sitter"
"freelance cat sitter malang","cat-sitter","Malang","freelance","/career/pet-sitter"
"freelance cat sitter solo","cat-sitter","Solo","freelance","/career/pet-sitter"
"freelance cat sitter batam","cat-sitter","Batam","freelance","/career/pet-sitter"
"freelance cat sitter balikpapan","cat-sitter","Balikpapan","freelance","/career/pet-sitter"
"freelance cat sitter samarinda","cat-sitter","Samarinda","freelance","/career/pet-sitter"
"freelance cat sitter palembang","cat-sitter","Palembang","freelance","/career/pet-sitter"
"freelance cat sitter pekanbaru","cat-sitter","Pekanbaru","freelance","/career/pet-sitter"
"freelance cat sitter manado","cat-sitter","Manado","freelance","/career/pet-sitter"
"jasa dog sitter jakarta","dog-sitter","Jakarta","jasa","/pet-sitter"
"jasa dog sitter bogor","dog-sitter","Bogor","jasa","/pet-sitter"
"jasa dog sitter depok","dog-sitter","Depok","jasa","/pet-sitter"
"jasa dog sitter tangerang","dog-sitter","Tangerang","jasa","/pet-sitter"
"jasa dog sitter bekasi","dog-sitter","Bekasi","jasa","/pet-sitter"
"jasa dog sitter bandung","dog-sitter","Bandung","jasa","/pet-sitter"
"jasa dog sitter surabaya","dog-sitter","Surabaya","jasa","/pet-sitter"
"jasa dog sitter semarang","dog-sitter","Semarang","jasa","/pet-sitter"
"jasa dog sitter yogyakarta","dog-sitter","Yogyakarta","jasa","/pet-sitter"
"jasa dog sitter denpasar","dog-sitter","Denpasar","jasa","/pet-sitter"
"jasa dog sitter medan","dog-sitter","Medan","jasa","/pet-sitter"
"jasa dog sitter makassar","dog-sitter","Makassar","jasa","/pet-sitter"
"jasa dog sitter malang","dog-sitter","Malang","jasa","/pet-sitter"
"jasa dog sitter solo","dog-sitter","Solo","jasa","/pet-sitter"
"jasa dog sitter batam","dog-sitter","Batam","jasa","/pet-sitter"
"jasa dog sitter balikpapan","dog-sitter","Balikpapan","jasa","/pet-sitter"
"jasa dog sitter samarinda","dog-sitter","Samarinda","jasa","/pet-sitter"
"jasa dog sitter palembang","dog-sitter","Palembang","jasa","/pet-sitter"
"jasa dog sitter pekanbaru","dog-sitter","Pekanbaru","jasa","/pet-sitter"
"jasa dog sitter manado","dog-sitter","Manado","jasa","/pet-sitter"
"cari dog sitter jakarta","dog-sitter","Jakarta","cari","/pet-sitter"
"cari dog sitter bogor","dog-sitter","Bogor","cari","/pet-sitter"
"cari dog sitter depok","dog-sitter","Depok","cari","/pet-sitter"
"cari dog sitter tangerang","dog-sitter","Tangerang","cari","/pet-sitter"
"cari dog sitter bekasi","dog-sitter","Bekasi","cari","/pet-sitter"
"cari dog sitter bandung","dog-sitter","Bandung","cari","/pet-sitter"
"cari dog sitter surabaya","dog-sitter","Surabaya","cari","/pet-sitter"
"cari dog sitter semarang","dog-sitter","Semarang","cari","/pet-sitter"
"cari dog sitter yogyakarta","dog-sitter","Yogyakarta","cari","/pet-sitter"
"cari dog sitter denpasar","dog-sitter","Denpasar","cari","/pet-sitter"
"cari dog sitter medan","dog-sitter","Medan","cari","/pet-sitter"
"cari dog sitter makassar","dog-sitter","Makassar","cari","/pet-sitter"
"cari dog sitter malang","dog-sitter","Malang","cari","/pet-sitter"
"cari dog sitter solo","dog-sitter","Solo","cari","/pet-sitter"
"cari dog sitter batam","dog-sitter","Batam","cari","/pet-sitter"
"cari dog sitter balikpapan","dog-sitter","Balikpapan","cari","/pet-sitter"
"cari dog sitter samarinda","dog-sitter","Samarinda","cari","/pet-sitter"
"cari dog sitter palembang","dog-sitter","Palembang","cari","/pet-sitter"
"cari dog sitter pekanbaru","dog-sitter","Pekanbaru","cari","/pet-sitter"
"cari dog sitter manado","dog-sitter","Manado","cari","/pet-sitter"
"biaya dog sitter jakarta","dog-sitter","Jakarta","biaya","/pet-sitter"
"biaya dog sitter bogor","dog-sitter","Bogor","biaya","/pet-sitter"
"biaya dog sitter depok","dog-sitter","Depok","biaya","/pet-sitter"
"biaya dog sitter tangerang","dog-sitter","Tangerang","biaya","/pet-sitter"
"biaya dog sitter bekasi","dog-sitter","Bekasi","biaya","/pet-sitter"
"biaya dog sitter bandung","dog-sitter","Bandung","biaya","/pet-sitter"
"biaya dog sitter surabaya","dog-sitter","Surabaya","biaya","/pet-sitter"
"biaya dog sitter semarang","dog-sitter","Semarang","biaya","/pet-sitter"
"biaya dog sitter yogyakarta","dog-sitter","Yogyakarta","biaya","/pet-sitter"
"biaya dog sitter denpasar","dog-sitter","Denpasar","biaya","/pet-sitter"
"biaya dog sitter medan","dog-sitter","Medan","biaya","/pet-sitter"
"biaya dog sitter makassar","dog-sitter","Makassar","biaya","/pet-sitter"
"biaya dog sitter malang","dog-sitter","Malang","biaya","/pet-sitter"
"biaya dog sitter solo","dog-sitter","Solo","biaya","/pet-sitter"
"biaya dog sitter batam","dog-sitter","Batam","biaya","/pet-sitter"
"biaya dog sitter balikpapan","dog-sitter","Balikpapan","biaya","/pet-sitter"
"biaya dog sitter samarinda","dog-sitter","Samarinda","biaya","/pet-sitter"
"biaya dog sitter palembang","dog-sitter","Palembang","biaya","/pet-sitter"
"biaya dog sitter pekanbaru","dog-sitter","Pekanbaru","biaya","/pet-sitter"
"biaya dog sitter manado","dog-sitter","Manado","biaya","/pet-sitter"
"harga dog sitter jakarta","dog-sitter","Jakarta","harga","/pet-sitter"
"harga dog sitter bogor","dog-sitter","Bogor","harga","/pet-sitter"
"harga dog sitter depok","dog-sitter","Depok","harga","/pet-sitter"
"harga dog sitter tangerang","dog-sitter","Tangerang","harga","/pet-sitter"
"harga dog sitter bekasi","dog-sitter","Bekasi","harga","/pet-sitter"
"harga dog sitter bandung","dog-sitter","Bandung","harga","/pet-sitter"
"harga dog sitter surabaya","dog-sitter","Surabaya","harga","/pet-sitter"
"harga dog sitter semarang","dog-sitter","Semarang","harga","/pet-sitter"
"harga dog sitter yogyakarta","dog-sitter","Yogyakarta","harga","/pet-sitter"
"harga dog sitter denpasar","dog-sitter","Denpasar","harga","/pet-sitter"
"harga dog sitter medan","dog-sitter","Medan","harga","/pet-sitter"
"harga dog sitter makassar","dog-sitter","Makassar","harga","/pet-sitter"
"harga dog sitter malang","dog-sitter","Malang","harga","/pet-sitter"
"harga dog sitter solo","dog-sitter","Solo","harga","/pet-sitter"
"harga dog sitter batam","dog-sitter","Batam","harga","/pet-sitter"
"harga dog sitter balikpapan","dog-sitter","Balikpapan","harga","/pet-sitter"
"harga dog sitter samarinda","dog-sitter","Samarinda","harga","/pet-sitter"
"harga dog sitter palembang","dog-sitter","Palembang","harga","/pet-sitter"
"harga dog sitter pekanbaru","dog-sitter","Pekanbaru","harga","/pet-sitter"
"harga dog sitter manado","dog-sitter","Manado","harga","/pet-sitter"
"layanan dog sitter jakarta","dog-sitter","Jakarta","layanan","/pet-sitter"
"layanan dog sitter bogor","dog-sitter","Bogor","layanan","/pet-sitter"
"layanan dog sitter depok","dog-sitter","Depok","layanan","/pet-sitter"
"layanan dog sitter tangerang","dog-sitter","Tangerang","layanan","/pet-sitter"
"layanan dog sitter bekasi","dog-sitter","Bekasi","layanan","/pet-sitter"
"layanan dog sitter bandung","dog-sitter","Bandung","layanan","/pet-sitter"
"layanan dog sitter surabaya","dog-sitter","Surabaya","layanan","/pet-sitter"
"layanan dog sitter semarang","dog-sitter","Semarang","layanan","/pet-sitter"
"layanan dog sitter yogyakarta","dog-sitter","Yogyakarta","layanan","/pet-sitter"
"layanan dog sitter denpasar","dog-sitter","Denpasar","layanan","/pet-sitter"
"layanan dog sitter medan","dog-sitter","Medan","layanan","/pet-sitter"
"layanan dog sitter makassar","dog-sitter","Makassar","layanan","/pet-sitter"
"layanan dog sitter malang","dog-sitter","Malang","layanan","/pet-sitter"
"layanan dog sitter solo","dog-sitter","Solo","layanan","/pet-sitter"
"layanan dog sitter batam","dog-sitter","Batam","layanan","/pet-sitter"
"layanan dog sitter balikpapan","dog-sitter","Balikpapan","layanan","/pet-sitter"
"layanan dog sitter samarinda","dog-sitter","Samarinda","layanan","/pet-sitter"
"layanan dog sitter palembang","dog-sitter","Palembang","layanan","/pet-sitter"
"layanan dog sitter pekanbaru","dog-sitter","Pekanbaru","layanan","/pet-sitter"
"layanan dog sitter manado","dog-sitter","Manado","layanan","/pet-sitter"
"tips memilih dog sitter jakarta","dog-sitter","Jakarta","tips memilih","/pet-sitter"
"tips memilih dog sitter bogor","dog-sitter","Bogor","tips memilih","/pet-sitter"
"tips memilih dog sitter depok","dog-sitter","Depok","tips memilih","/pet-sitter"
"tips memilih dog sitter tangerang","dog-sitter","Tangerang","tips memilih","/pet-sitter"
"tips memilih dog sitter bekasi","dog-sitter","Bekasi","tips memilih","/pet-sitter"
"tips memilih dog sitter bandung","dog-sitter","Bandung","tips memilih","/pet-sitter"
"tips memilih dog sitter surabaya","dog-sitter","Surabaya","tips memilih","/pet-sitter"
"tips memilih dog sitter semarang","dog-sitter","Semarang","tips memilih","/pet-sitter"
"tips memilih dog sitter yogyakarta","dog-sitter","Yogyakarta","tips memilih","/pet-sitter"
"tips memilih dog sitter denpasar","dog-sitter","Denpasar","tips memilih","/pet-sitter"
"tips memilih dog sitter medan","dog-sitter","Medan","tips memilih","/pet-sitter"
"tips memilih dog sitter makassar","dog-sitter","Makassar","tips memilih","/pet-sitter"
"tips memilih dog sitter malang","dog-sitter","Malang","tips memilih","/pet-sitter"
"tips memilih dog sitter solo","dog-sitter","Solo","tips memilih","/pet-sitter"
"tips memilih dog sitter batam","dog-sitter","Batam","tips memilih","/pet-sitter"
"tips memilih dog sitter balikpapan","dog-sitter","Balikpapan","tips memilih","/pet-sitter"
"tips memilih dog sitter samarinda","dog-sitter","Samarinda","tips memilih","/pet-sitter"
"tips memilih dog sitter palembang","dog-sitter","Palembang","tips memilih","/pet-sitter"
"tips memilih dog sitter pekanbaru","dog-sitter","Pekanbaru","tips memilih","/pet-sitter"
"tips memilih dog sitter manado","dog-sitter","Manado","tips memilih","/pet-sitter"
"persiapan menggunakan dog sitter jakarta","dog-sitter","Jakarta","persiapan menggunakan","/pet-sitter"
"persiapan menggunakan dog sitter bogor","dog-sitter","Bogor","persiapan menggunakan","/pet-sitter"
"persiapan menggunakan dog sitter depok","dog-sitter","Depok","persiapan menggunakan","/pet-sitter"
"persiapan menggunakan dog sitter tangerang","dog-sitter","Tangerang","persiapan menggunakan","/pet-sitter"
"persiapan menggunakan dog sitter bekasi","dog-sitter","Bekasi","persiapan menggunakan","/pet-sitter"
"persiapan menggunakan dog sitter bandung","dog-sitter","Bandung","persiapan menggunakan","/pet-sitter"
"persiapan menggunakan dog sitter surabaya","dog-sitter","Surabaya","persiapan menggunakan","/pet-sitter"
"persiapan menggunakan dog sitter semarang","dog-sitter","Semarang","persiapan menggunakan","/pet-sitter"
"persiapan menggunakan dog sitter yogyakarta","dog-sitter","Yogyakarta","persiapan menggunakan","/pet-sitter"
"persiapan menggunakan dog sitter denpasar","dog-sitter","Denpasar","persiapan menggunakan","/pet-sitter"
"persiapan menggunakan dog sitter medan","dog-sitter","Medan","persiapan menggunakan","/pet-sitter"
"persiapan menggunakan dog sitter makassar","dog-sitter","Makassar","persiapan menggunakan","/pet-sitter"
"persiapan menggunakan dog sitter malang","dog-sitter","Malang","persiapan menggunakan","/pet-sitter"
"persiapan menggunakan dog sitter solo","dog-sitter","Solo","persiapan menggunakan","/pet-sitter"
"persiapan menggunakan dog sitter batam","dog-sitter","Batam","persiapan menggunakan","/pet-sitter"
"persiapan menggunakan dog sitter balikpapan","dog-sitter","Balikpapan","persiapan menggunakan","/pet-sitter"
"persiapan menggunakan dog sitter samarinda","dog-sitter","Samarinda","persiapan menggunakan","/pet-sitter"
"persiapan menggunakan dog sitter palembang","dog-sitter","Palembang","persiapan menggunakan","/pet-sitter"
"persiapan menggunakan dog sitter pekanbaru","dog-sitter","Pekanbaru","persiapan menggunakan","/pet-sitter"
"persiapan menggunakan dog sitter manado","dog-sitter","Manado","persiapan menggunakan","/pet-sitter"
"panduan dog sitter jakarta","dog-sitter","Jakarta","panduan","/pet-sitter"
"panduan dog sitter bogor","dog-sitter","Bogor","panduan","/pet-sitter"
"panduan dog sitter depok","dog-sitter","Depok","panduan","/pet-sitter"
"panduan dog sitter tangerang","dog-sitter","Tangerang","panduan","/pet-sitter"
"panduan dog sitter bekasi","dog-sitter","Bekasi","panduan","/pet-sitter"
"panduan dog sitter bandung","dog-sitter","Bandung","panduan","/pet-sitter"
"panduan dog sitter surabaya","dog-sitter","Surabaya","panduan","/pet-sitter"
"panduan dog sitter semarang","dog-sitter","Semarang","panduan","/pet-sitter"
"panduan dog sitter yogyakarta","dog-sitter","Yogyakarta","panduan","/pet-sitter"
"panduan dog sitter denpasar","dog-sitter","Denpasar","panduan","/pet-sitter"
"panduan dog sitter medan","dog-sitter","Medan","panduan","/pet-sitter"
"panduan dog sitter makassar","dog-sitter","Makassar","panduan","/pet-sitter"
"panduan dog sitter malang","dog-sitter","Malang","panduan","/pet-sitter"
"panduan dog sitter solo","dog-sitter","Solo","panduan","/pet-sitter"
"panduan dog sitter batam","dog-sitter","Batam","panduan","/pet-sitter"
"panduan dog sitter balikpapan","dog-sitter","Balikpapan","panduan","/pet-sitter"
"panduan dog sitter samarinda","dog-sitter","Samarinda","panduan","/pet-sitter"
"panduan dog sitter palembang","dog-sitter","Palembang","panduan","/pet-sitter"
"panduan dog sitter pekanbaru","dog-sitter","Pekanbaru","panduan","/pet-sitter"
"panduan dog sitter manado","dog-sitter","Manado","panduan","/pet-sitter"
"lowongan part time dog sitter jakarta","dog-sitter","Jakarta","lowongan part time","/career/pet-sitter"
"lowongan part time dog sitter bogor","dog-sitter","Bogor","lowongan part time","/career/pet-sitter"
"lowongan part time dog sitter depok","dog-sitter","Depok","lowongan part time","/career/pet-sitter"
"lowongan part time dog sitter tangerang","dog-sitter","Tangerang","lowongan part time","/career/pet-sitter"
"lowongan part time dog sitter bekasi","dog-sitter","Bekasi","lowongan part time","/career/pet-sitter"
"lowongan part time dog sitter bandung","dog-sitter","Bandung","lowongan part time","/career/pet-sitter"
"lowongan part time dog sitter surabaya","dog-sitter","Surabaya","lowongan part time","/career/pet-sitter"
"lowongan part time dog sitter semarang","dog-sitter","Semarang","lowongan part time","/career/pet-sitter"
"lowongan part time dog sitter yogyakarta","dog-sitter","Yogyakarta","lowongan part time","/career/pet-sitter"
"lowongan part time dog sitter denpasar","dog-sitter","Denpasar","lowongan part time","/career/pet-sitter"
"lowongan part time dog sitter medan","dog-sitter","Medan","lowongan part time","/career/pet-sitter"
"lowongan part time dog sitter makassar","dog-sitter","Makassar","lowongan part time","/career/pet-sitter"
"lowongan part time dog sitter malang","dog-sitter","Malang","lowongan part time","/career/pet-sitter"
"lowongan part time dog sitter solo","dog-sitter","Solo","lowongan part time","/career/pet-sitter"
"lowongan part time dog sitter batam","dog-sitter","Batam","lowongan part time","/career/pet-sitter"
"lowongan part time dog sitter balikpapan","dog-sitter","Balikpapan","lowongan part time","/career/pet-sitter"
"lowongan part time dog sitter samarinda","dog-sitter","Samarinda","lowongan part time","/career/pet-sitter"
"lowongan part time dog sitter palembang","dog-sitter","Palembang","lowongan part time","/career/pet-sitter"
"lowongan part time dog sitter pekanbaru","dog-sitter","Pekanbaru","lowongan part time","/career/pet-sitter"
"lowongan part time dog sitter manado","dog-sitter","Manado","lowongan part time","/career/pet-sitter"
"freelance dog sitter jakarta","dog-sitter","Jakarta","freelance","/career/pet-sitter"
"freelance dog sitter bogor","dog-sitter","Bogor","freelance","/career/pet-sitter"
"freelance dog sitter depok","dog-sitter","Depok","freelance","/career/pet-sitter"
"freelance dog sitter tangerang","dog-sitter","Tangerang","freelance","/career/pet-sitter"
"freelance dog sitter bekasi","dog-sitter","Bekasi","freelance","/career/pet-sitter"
"freelance dog sitter bandung","dog-sitter","Bandung","freelance","/career/pet-sitter"
"freelance dog sitter surabaya","dog-sitter","Surabaya","freelance","/career/pet-sitter"
"freelance dog sitter semarang","dog-sitter","Semarang","freelance","/career/pet-sitter"
"freelance dog sitter yogyakarta","dog-sitter","Yogyakarta","freelance","/career/pet-sitter"
"freelance dog sitter denpasar","dog-sitter","Denpasar","freelance","/career/pet-sitter"
"freelance dog sitter medan","dog-sitter","Medan","freelance","/career/pet-sitter"
"freelance dog sitter makassar","dog-sitter","Makassar","freelance","/career/pet-sitter"
"freelance dog sitter malang","dog-sitter","Malang","freelance","/career/pet-sitter"
"freelance dog sitter solo","dog-sitter","Solo","freelance","/career/pet-sitter"
"freelance dog sitter batam","dog-sitter","Batam","freelance","/career/pet-sitter"
"freelance dog sitter balikpapan","dog-sitter","Balikpapan","freelance","/career/pet-sitter"
"freelance dog sitter samarinda","dog-sitter","Samarinda","freelance","/career/pet-sitter"
"freelance dog sitter palembang","dog-sitter","Palembang","freelance","/career/pet-sitter"
"freelance dog sitter pekanbaru","dog-sitter","Pekanbaru","freelance","/career/pet-sitter"
"freelance dog sitter manado","dog-sitter","Manado","freelance","/career/pet-sitter"
"jasa pet groomer jakarta","pet-groomer","Jakarta","jasa","/layanan/grooming-hewan"
"jasa pet groomer bogor","pet-groomer","Bogor","jasa","/layanan/grooming-hewan"
"jasa pet groomer depok","pet-groomer","Depok","jasa","/layanan/grooming-hewan"
"jasa pet groomer tangerang","pet-groomer","Tangerang","jasa","/layanan/grooming-hewan"
"jasa pet groomer bekasi","pet-groomer","Bekasi","jasa","/layanan/grooming-hewan"
"jasa pet groomer bandung","pet-groomer","Bandung","jasa","/layanan/grooming-hewan"
"jasa pet groomer surabaya","pet-groomer","Surabaya","jasa","/layanan/grooming-hewan"
"jasa pet groomer semarang","pet-groomer","Semarang","jasa","/layanan/grooming-hewan"
"jasa pet groomer yogyakarta","pet-groomer","Yogyakarta","jasa","/layanan/grooming-hewan"
"jasa pet groomer denpasar","pet-groomer","Denpasar","jasa","/layanan/grooming-hewan"
"jasa pet groomer medan","pet-groomer","Medan","jasa","/layanan/grooming-hewan"
"jasa pet groomer makassar","pet-groomer","Makassar","jasa","/layanan/grooming-hewan"
"jasa pet groomer malang","pet-groomer","Malang","jasa","/layanan/grooming-hewan"
"jasa pet groomer solo","pet-groomer","Solo","jasa","/layanan/grooming-hewan"
"jasa pet groomer batam","pet-groomer","Batam","jasa","/layanan/grooming-hewan"
"jasa pet groomer balikpapan","pet-groomer","Balikpapan","jasa","/layanan/grooming-hewan"
"jasa pet groomer samarinda","pet-groomer","Samarinda","jasa","/layanan/grooming-hewan"
"jasa pet groomer palembang","pet-groomer","Palembang","jasa","/layanan/grooming-hewan"
"jasa pet groomer pekanbaru","pet-groomer","Pekanbaru","jasa","/layanan/grooming-hewan"
"jasa pet groomer manado","pet-groomer","Manado","jasa","/layanan/grooming-hewan"
"cari pet groomer jakarta","pet-groomer","Jakarta","cari","/layanan/grooming-hewan"
"cari pet groomer bogor","pet-groomer","Bogor","cari","/layanan/grooming-hewan"
"cari pet groomer depok","pet-groomer","Depok","cari","/layanan/grooming-hewan"
"cari pet groomer tangerang","pet-groomer","Tangerang","cari","/layanan/grooming-hewan"
"cari pet groomer bekasi","pet-groomer","Bekasi","cari","/layanan/grooming-hewan"
"cari pet groomer bandung","pet-groomer","Bandung","cari","/layanan/grooming-hewan"
"cari pet groomer surabaya","pet-groomer","Surabaya","cari","/layanan/grooming-hewan"
"cari pet groomer semarang","pet-groomer","Semarang","cari","/layanan/grooming-hewan"
"cari pet groomer yogyakarta","pet-groomer","Yogyakarta","cari","/layanan/grooming-hewan"
"cari pet groomer denpasar","pet-groomer","Denpasar","cari","/layanan/grooming-hewan"
"cari pet groomer medan","pet-groomer","Medan","cari","/layanan/grooming-hewan"
"cari pet groomer makassar","pet-groomer","Makassar","cari","/layanan/grooming-hewan"
"cari pet groomer malang","pet-groomer","Malang","cari","/layanan/grooming-hewan"
"cari pet groomer solo","pet-groomer","Solo","cari","/layanan/grooming-hewan"
"cari pet groomer batam","pet-groomer","Batam","cari","/layanan/grooming-hewan"
"cari pet groomer balikpapan","pet-groomer","Balikpapan","cari","/layanan/grooming-hewan"
"cari pet groomer samarinda","pet-groomer","Samarinda","cari","/layanan/grooming-hewan"
"cari pet groomer palembang","pet-groomer","Palembang","cari","/layanan/grooming-hewan"
"cari pet groomer pekanbaru","pet-groomer","Pekanbaru","cari","/layanan/grooming-hewan"
"cari pet groomer manado","pet-groomer","Manado","cari","/layanan/grooming-hewan"
"biaya pet groomer jakarta","pet-groomer","Jakarta","biaya","/layanan/grooming-hewan"
"biaya pet groomer bogor","pet-groomer","Bogor","biaya","/layanan/grooming-hewan"
"biaya pet groomer depok","pet-groomer","Depok","biaya","/layanan/grooming-hewan"
"biaya pet groomer tangerang","pet-groomer","Tangerang","biaya","/layanan/grooming-hewan"
"biaya pet groomer bekasi","pet-groomer","Bekasi","biaya","/layanan/grooming-hewan"
"biaya pet groomer bandung","pet-groomer","Bandung","biaya","/layanan/grooming-hewan"
"biaya pet groomer surabaya","pet-groomer","Surabaya","biaya","/layanan/grooming-hewan"
"biaya pet groomer semarang","pet-groomer","Semarang","biaya","/layanan/grooming-hewan"
"biaya pet groomer yogyakarta","pet-groomer","Yogyakarta","biaya","/layanan/grooming-hewan"
"biaya pet groomer denpasar","pet-groomer","Denpasar","biaya","/layanan/grooming-hewan"
"biaya pet groomer medan","pet-groomer","Medan","biaya","/layanan/grooming-hewan"
"biaya pet groomer makassar","pet-groomer","Makassar","biaya","/layanan/grooming-hewan"
"biaya pet groomer malang","pet-groomer","Malang","biaya","/layanan/grooming-hewan"
"biaya pet groomer solo","pet-groomer","Solo","biaya","/layanan/grooming-hewan"
"biaya pet groomer batam","pet-groomer","Batam","biaya","/layanan/grooming-hewan"
"biaya pet groomer balikpapan","pet-groomer","Balikpapan","biaya","/layanan/grooming-hewan"
"biaya pet groomer samarinda","pet-groomer","Samarinda","biaya","/layanan/grooming-hewan"
"biaya pet groomer palembang","pet-groomer","Palembang","biaya","/layanan/grooming-hewan"
"biaya pet groomer pekanbaru","pet-groomer","Pekanbaru","biaya","/layanan/grooming-hewan"
"biaya pet groomer manado","pet-groomer","Manado","biaya","/layanan/grooming-hewan"
"harga pet groomer jakarta","pet-groomer","Jakarta","harga","/layanan/grooming-hewan"
"harga pet groomer bogor","pet-groomer","Bogor","harga","/layanan/grooming-hewan"
"harga pet groomer depok","pet-groomer","Depok","harga","/layanan/grooming-hewan"
"harga pet groomer tangerang","pet-groomer","Tangerang","harga","/layanan/grooming-hewan"
"harga pet groomer bekasi","pet-groomer","Bekasi","harga","/layanan/grooming-hewan"
"harga pet groomer bandung","pet-groomer","Bandung","harga","/layanan/grooming-hewan"
"harga pet groomer surabaya","pet-groomer","Surabaya","harga","/layanan/grooming-hewan"
"harga pet groomer semarang","pet-groomer","Semarang","harga","/layanan/grooming-hewan"
"harga pet groomer yogyakarta","pet-groomer","Yogyakarta","harga","/layanan/grooming-hewan"
"harga pet groomer denpasar","pet-groomer","Denpasar","harga","/layanan/grooming-hewan"
"harga pet groomer medan","pet-groomer","Medan","harga","/layanan/grooming-hewan"
"harga pet groomer makassar","pet-groomer","Makassar","harga","/layanan/grooming-hewan"
"harga pet groomer malang","pet-groomer","Malang","harga","/layanan/grooming-hewan"
"harga pet groomer solo","pet-groomer","Solo","harga","/layanan/grooming-hewan"
"harga pet groomer batam","pet-groomer","Batam","harga","/layanan/grooming-hewan"
"harga pet groomer balikpapan","pet-groomer","Balikpapan","harga","/layanan/grooming-hewan"
"harga pet groomer samarinda","pet-groomer","Samarinda","harga","/layanan/grooming-hewan"
"harga pet groomer palembang","pet-groomer","Palembang","harga","/layanan/grooming-hewan"
"harga pet groomer pekanbaru","pet-groomer","Pekanbaru","harga","/layanan/grooming-hewan"
"harga pet groomer manado","pet-groomer","Manado","harga","/layanan/grooming-hewan"
"layanan pet groomer jakarta","pet-groomer","Jakarta","layanan","/layanan/grooming-hewan"
"layanan pet groomer bogor","pet-groomer","Bogor","layanan","/layanan/grooming-hewan"
"layanan pet groomer depok","pet-groomer","Depok","layanan","/layanan/grooming-hewan"
"layanan pet groomer tangerang","pet-groomer","Tangerang","layanan","/layanan/grooming-hewan"
"layanan pet groomer bekasi","pet-groomer","Bekasi","layanan","/layanan/grooming-hewan"
"layanan pet groomer bandung","pet-groomer","Bandung","layanan","/layanan/grooming-hewan"
"layanan pet groomer surabaya","pet-groomer","Surabaya","layanan","/layanan/grooming-hewan"
"layanan pet groomer semarang","pet-groomer","Semarang","layanan","/layanan/grooming-hewan"
"layanan pet groomer yogyakarta","pet-groomer","Yogyakarta","layanan","/layanan/grooming-hewan"
"layanan pet groomer denpasar","pet-groomer","Denpasar","layanan","/layanan/grooming-hewan"
"layanan pet groomer medan","pet-groomer","Medan","layanan","/layanan/grooming-hewan"
"layanan pet groomer makassar","pet-groomer","Makassar","layanan","/layanan/grooming-hewan"
"layanan pet groomer malang","pet-groomer","Malang","layanan","/layanan/grooming-hewan"
"layanan pet groomer solo","pet-groomer","Solo","layanan","/layanan/grooming-hewan"
"layanan pet groomer batam","pet-groomer","Batam","layanan","/layanan/grooming-hewan"
"layanan pet groomer balikpapan","pet-groomer","Balikpapan","layanan","/layanan/grooming-hewan"
"layanan pet groomer samarinda","pet-groomer","Samarinda","layanan","/layanan/grooming-hewan"
"layanan pet groomer palembang","pet-groomer","Palembang","layanan","/layanan/grooming-hewan"
"layanan pet groomer pekanbaru","pet-groomer","Pekanbaru","layanan","/layanan/grooming-hewan"
"layanan pet groomer manado","pet-groomer","Manado","layanan","/layanan/grooming-hewan"
"tips memilih pet groomer jakarta","pet-groomer","Jakarta","tips memilih","/layanan/grooming-hewan"
"tips memilih pet groomer bogor","pet-groomer","Bogor","tips memilih","/layanan/grooming-hewan"
"tips memilih pet groomer depok","pet-groomer","Depok","tips memilih","/layanan/grooming-hewan"
"tips memilih pet groomer tangerang","pet-groomer","Tangerang","tips memilih","/layanan/grooming-hewan"
"tips memilih pet groomer bekasi","pet-groomer","Bekasi","tips memilih","/layanan/grooming-hewan"
"tips memilih pet groomer bandung","pet-groomer","Bandung","tips memilih","/layanan/grooming-hewan"
"tips memilih pet groomer surabaya","pet-groomer","Surabaya","tips memilih","/layanan/grooming-hewan"
"tips memilih pet groomer semarang","pet-groomer","Semarang","tips memilih","/layanan/grooming-hewan"
"tips memilih pet groomer yogyakarta","pet-groomer","Yogyakarta","tips memilih","/layanan/grooming-hewan"
"tips memilih pet groomer denpasar","pet-groomer","Denpasar","tips memilih","/layanan/grooming-hewan"
"tips memilih pet groomer medan","pet-groomer","Medan","tips memilih","/layanan/grooming-hewan"
"tips memilih pet groomer makassar","pet-groomer","Makassar","tips memilih","/layanan/grooming-hewan"
"tips memilih pet groomer malang","pet-groomer","Malang","tips memilih","/layanan/grooming-hewan"
"tips memilih pet groomer solo","pet-groomer","Solo","tips memilih","/layanan/grooming-hewan"
"tips memilih pet groomer batam","pet-groomer","Batam","tips memilih","/layanan/grooming-hewan"
"tips memilih pet groomer balikpapan","pet-groomer","Balikpapan","tips memilih","/layanan/grooming-hewan"
"tips memilih pet groomer samarinda","pet-groomer","Samarinda","tips memilih","/layanan/grooming-hewan"
"tips memilih pet groomer palembang","pet-groomer","Palembang","tips memilih","/layanan/grooming-hewan"
"tips memilih pet groomer pekanbaru","pet-groomer","Pekanbaru","tips memilih","/layanan/grooming-hewan"
"tips memilih pet groomer manado","pet-groomer","Manado","tips memilih","/layanan/grooming-hewan"
"persiapan menggunakan pet groomer jakarta","pet-groomer","Jakarta","persiapan menggunakan","/layanan/grooming-hewan"
"persiapan menggunakan pet groomer bogor","pet-groomer","Bogor","persiapan menggunakan","/layanan/grooming-hewan"
"persiapan menggunakan pet groomer depok","pet-groomer","Depok","persiapan menggunakan","/layanan/grooming-hewan"
"persiapan menggunakan pet groomer tangerang","pet-groomer","Tangerang","persiapan menggunakan","/layanan/grooming-hewan"
"persiapan menggunakan pet groomer bekasi","pet-groomer","Bekasi","persiapan menggunakan","/layanan/grooming-hewan"
"persiapan menggunakan pet groomer bandung","pet-groomer","Bandung","persiapan menggunakan","/layanan/grooming-hewan"
"persiapan menggunakan pet groomer surabaya","pet-groomer","Surabaya","persiapan menggunakan","/layanan/grooming-hewan"
"persiapan menggunakan pet groomer semarang","pet-groomer","Semarang","persiapan menggunakan","/layanan/grooming-hewan"
"persiapan menggunakan pet groomer yogyakarta","pet-groomer","Yogyakarta","persiapan menggunakan","/layanan/grooming-hewan"
"persiapan menggunakan pet groomer denpasar","pet-groomer","Denpasar","persiapan menggunakan","/layanan/grooming-hewan"
"persiapan menggunakan pet groomer medan","pet-groomer","Medan","persiapan menggunakan","/layanan/grooming-hewan"
"persiapan menggunakan pet groomer makassar","pet-groomer","Makassar","persiapan menggunakan","/layanan/grooming-hewan"
"persiapan menggunakan pet groomer malang","pet-groomer","Malang","persiapan menggunakan","/layanan/grooming-hewan"
"persiapan menggunakan pet groomer solo","pet-groomer","Solo","persiapan menggunakan","/layanan/grooming-hewan"
"persiapan menggunakan pet groomer batam","pet-groomer","Batam","persiapan menggunakan","/layanan/grooming-hewan"
"persiapan menggunakan pet groomer balikpapan","pet-groomer","Balikpapan","persiapan menggunakan","/layanan/grooming-hewan"
"persiapan menggunakan pet groomer samarinda","pet-groomer","Samarinda","persiapan menggunakan","/layanan/grooming-hewan"
"persiapan menggunakan pet groomer palembang","pet-groomer","Palembang","persiapan menggunakan","/layanan/grooming-hewan"
"persiapan menggunakan pet groomer pekanbaru","pet-groomer","Pekanbaru","persiapan menggunakan","/layanan/grooming-hewan"
"persiapan menggunakan pet groomer manado","pet-groomer","Manado","persiapan menggunakan","/layanan/grooming-hewan"
"panduan pet groomer jakarta","pet-groomer","Jakarta","panduan","/layanan/grooming-hewan"
"panduan pet groomer bogor","pet-groomer","Bogor","panduan","/layanan/grooming-hewan"
"panduan pet groomer depok","pet-groomer","Depok","panduan","/layanan/grooming-hewan"
"panduan pet groomer tangerang","pet-groomer","Tangerang","panduan","/layanan/grooming-hewan"
"panduan pet groomer bekasi","pet-groomer","Bekasi","panduan","/layanan/grooming-hewan"
"panduan pet groomer bandung","pet-groomer","Bandung","panduan","/layanan/grooming-hewan"
"panduan pet groomer surabaya","pet-groomer","Surabaya","panduan","/layanan/grooming-hewan"
"panduan pet groomer semarang","pet-groomer","Semarang","panduan","/layanan/grooming-hewan"
"panduan pet groomer yogyakarta","pet-groomer","Yogyakarta","panduan","/layanan/grooming-hewan"
"panduan pet groomer denpasar","pet-groomer","Denpasar","panduan","/layanan/grooming-hewan"
"panduan pet groomer medan","pet-groomer","Medan","panduan","/layanan/grooming-hewan"
"panduan pet groomer makassar","pet-groomer","Makassar","panduan","/layanan/grooming-hewan"
"panduan pet groomer malang","pet-groomer","Malang","panduan","/layanan/grooming-hewan"
"panduan pet groomer solo","pet-groomer","Solo","panduan","/layanan/grooming-hewan"
"panduan pet groomer batam","pet-groomer","Batam","panduan","/layanan/grooming-hewan"
"panduan pet groomer balikpapan","pet-groomer","Balikpapan","panduan","/layanan/grooming-hewan"
"panduan pet groomer samarinda","pet-groomer","Samarinda","panduan","/layanan/grooming-hewan"
"panduan pet groomer palembang","pet-groomer","Palembang","panduan","/layanan/grooming-hewan"
"panduan pet groomer pekanbaru","pet-groomer","Pekanbaru","panduan","/layanan/grooming-hewan"
"panduan pet groomer manado","pet-groomer","Manado","panduan","/layanan/grooming-hewan"
"lowongan part time pet groomer jakarta","pet-groomer","Jakarta","lowongan part time","/career/pet-groomer"
"lowongan part time pet groomer bogor","pet-groomer","Bogor","lowongan part time","/career/pet-groomer"
"lowongan part time pet groomer depok","pet-groomer","Depok","lowongan part time","/career/pet-groomer"
"lowongan part time pet groomer tangerang","pet-groomer","Tangerang","lowongan part time","/career/pet-groomer"
"lowongan part time pet groomer bekasi","pet-groomer","Bekasi","lowongan part time","/career/pet-groomer"
"lowongan part time pet groomer bandung","pet-groomer","Bandung","lowongan part time","/career/pet-groomer"
"lowongan part time pet groomer surabaya","pet-groomer","Surabaya","lowongan part time","/career/pet-groomer"
"lowongan part time pet groomer semarang","pet-groomer","Semarang","lowongan part time","/career/pet-groomer"
"lowongan part time pet groomer yogyakarta","pet-groomer","Yogyakarta","lowongan part time","/career/pet-groomer"
"lowongan part time pet groomer denpasar","pet-groomer","Denpasar","lowongan part time","/career/pet-groomer"
"lowongan part time pet groomer medan","pet-groomer","Medan","lowongan part time","/career/pet-groomer"
"lowongan part time pet groomer makassar","pet-groomer","Makassar","lowongan part time","/career/pet-groomer"
"lowongan part time pet groomer malang","pet-groomer","Malang","lowongan part time","/career/pet-groomer"
"lowongan part time pet groomer solo","pet-groomer","Solo","lowongan part time","/career/pet-groomer"
"lowongan part time pet groomer batam","pet-groomer","Batam","lowongan part time","/career/pet-groomer"
"lowongan part time pet groomer balikpapan","pet-groomer","Balikpapan","lowongan part time","/career/pet-groomer"
"lowongan part time pet groomer samarinda","pet-groomer","Samarinda","lowongan part time","/career/pet-groomer"
"lowongan part time pet groomer palembang","pet-groomer","Palembang","lowongan part time","/career/pet-groomer"
"lowongan part time pet groomer pekanbaru","pet-groomer","Pekanbaru","lowongan part time","/career/pet-groomer"
"lowongan part time pet groomer manado","pet-groomer","Manado","lowongan part time","/career/pet-groomer"
"freelance pet groomer jakarta","pet-groomer","Jakarta","freelance","/career/pet-groomer"
"freelance pet groomer bogor","pet-groomer","Bogor","freelance","/career/pet-groomer"
"freelance pet groomer depok","pet-groomer","Depok","freelance","/career/pet-groomer"
"freelance pet groomer tangerang","pet-groomer","Tangerang","freelance","/career/pet-groomer"
"freelance pet groomer bekasi","pet-groomer","Bekasi","freelance","/career/pet-groomer"
"freelance pet groomer bandung","pet-groomer","Bandung","freelance","/career/pet-groomer"
"freelance pet groomer surabaya","pet-groomer","Surabaya","freelance","/career/pet-groomer"
"freelance pet groomer semarang","pet-groomer","Semarang","freelance","/career/pet-groomer"
"freelance pet groomer yogyakarta","pet-groomer","Yogyakarta","freelance","/career/pet-groomer"
"freelance pet groomer denpasar","pet-groomer","Denpasar","freelance","/career/pet-groomer"
"freelance pet groomer medan","pet-groomer","Medan","freelance","/career/pet-groomer"
"freelance pet groomer makassar","pet-groomer","Makassar","freelance","/career/pet-groomer"
"freelance pet groomer malang","pet-groomer","Malang","freelance","/career/pet-groomer"
"freelance pet groomer solo","pet-groomer","Solo","freelance","/career/pet-groomer"
"freelance pet groomer batam","pet-groomer","Batam","freelance","/career/pet-groomer"
"freelance pet groomer balikpapan","pet-groomer","Balikpapan","freelance","/career/pet-groomer"
"freelance pet groomer samarinda","pet-groomer","Samarinda","freelance","/career/pet-groomer"
"freelance pet groomer palembang","pet-groomer","Palembang","freelance","/career/pet-groomer"
"freelance pet groomer pekanbaru","pet-groomer","Pekanbaru","freelance","/career/pet-groomer"
"freelance pet groomer manado","pet-groomer","Manado","freelance","/career/pet-groomer"
"jasa grooming kucing jakarta","cat-groomer","Jakarta","jasa","/layanan/grooming-hewan"
"jasa grooming kucing bogor","cat-groomer","Bogor","jasa","/layanan/grooming-hewan"
"jasa grooming kucing depok","cat-groomer","Depok","jasa","/layanan/grooming-hewan"
"jasa grooming kucing tangerang","cat-groomer","Tangerang","jasa","/layanan/grooming-hewan"
"jasa grooming kucing bekasi","cat-groomer","Bekasi","jasa","/layanan/grooming-hewan"
"jasa grooming kucing bandung","cat-groomer","Bandung","jasa","/layanan/grooming-hewan"
"jasa grooming kucing surabaya","cat-groomer","Surabaya","jasa","/layanan/grooming-hewan"
"jasa grooming kucing semarang","cat-groomer","Semarang","jasa","/layanan/grooming-hewan"
"jasa grooming kucing yogyakarta","cat-groomer","Yogyakarta","jasa","/layanan/grooming-hewan"
"jasa grooming kucing denpasar","cat-groomer","Denpasar","jasa","/layanan/grooming-hewan"
"jasa grooming kucing medan","cat-groomer","Medan","jasa","/layanan/grooming-hewan"
"jasa grooming kucing makassar","cat-groomer","Makassar","jasa","/layanan/grooming-hewan"
"jasa grooming kucing malang","cat-groomer","Malang","jasa","/layanan/grooming-hewan"
"jasa grooming kucing solo","cat-groomer","Solo","jasa","/layanan/grooming-hewan"
"jasa grooming kucing batam","cat-groomer","Batam","jasa","/layanan/grooming-hewan"
"jasa grooming kucing balikpapan","cat-groomer","Balikpapan","jasa","/layanan/grooming-hewan"
"jasa grooming kucing samarinda","cat-groomer","Samarinda","jasa","/layanan/grooming-hewan"
"jasa grooming kucing palembang","cat-groomer","Palembang","jasa","/layanan/grooming-hewan"
"jasa grooming kucing pekanbaru","cat-groomer","Pekanbaru","jasa","/layanan/grooming-hewan"
"jasa grooming kucing manado","cat-groomer","Manado","jasa","/layanan/grooming-hewan"
"cari grooming kucing jakarta","cat-groomer","Jakarta","cari","/layanan/grooming-hewan"
"cari grooming kucing bogor","cat-groomer","Bogor","cari","/layanan/grooming-hewan"
"cari grooming kucing depok","cat-groomer","Depok","cari","/layanan/grooming-hewan"
"cari grooming kucing tangerang","cat-groomer","Tangerang","cari","/layanan/grooming-hewan"
"cari grooming kucing bekasi","cat-groomer","Bekasi","cari","/layanan/grooming-hewan"
"cari grooming kucing bandung","cat-groomer","Bandung","cari","/layanan/grooming-hewan"
"cari grooming kucing surabaya","cat-groomer","Surabaya","cari","/layanan/grooming-hewan"
"cari grooming kucing semarang","cat-groomer","Semarang","cari","/layanan/grooming-hewan"
"cari grooming kucing yogyakarta","cat-groomer","Yogyakarta","cari","/layanan/grooming-hewan"
"cari grooming kucing denpasar","cat-groomer","Denpasar","cari","/layanan/grooming-hewan"
"cari grooming kucing medan","cat-groomer","Medan","cari","/layanan/grooming-hewan"
"cari grooming kucing makassar","cat-groomer","Makassar","cari","/layanan/grooming-hewan"
"cari grooming kucing malang","cat-groomer","Malang","cari","/layanan/grooming-hewan"
"cari grooming kucing solo","cat-groomer","Solo","cari","/layanan/grooming-hewan"
"cari grooming kucing batam","cat-groomer","Batam","cari","/layanan/grooming-hewan"
"cari grooming kucing balikpapan","cat-groomer","Balikpapan","cari","/layanan/grooming-hewan"
"cari grooming kucing samarinda","cat-groomer","Samarinda","cari","/layanan/grooming-hewan"
"cari grooming kucing palembang","cat-groomer","Palembang","cari","/layanan/grooming-hewan"
"cari grooming kucing pekanbaru","cat-groomer","Pekanbaru","cari","/layanan/grooming-hewan"
"cari grooming kucing manado","cat-groomer","Manado","cari","/layanan/grooming-hewan"
"biaya grooming kucing jakarta","cat-groomer","Jakarta","biaya","/layanan/grooming-hewan"
"biaya grooming kucing bogor","cat-groomer","Bogor","biaya","/layanan/grooming-hewan"
"biaya grooming kucing depok","cat-groomer","Depok","biaya","/layanan/grooming-hewan"
"biaya grooming kucing tangerang","cat-groomer","Tangerang","biaya","/layanan/grooming-hewan"
"biaya grooming kucing bekasi","cat-groomer","Bekasi","biaya","/layanan/grooming-hewan"
"biaya grooming kucing bandung","cat-groomer","Bandung","biaya","/layanan/grooming-hewan"
"biaya grooming kucing surabaya","cat-groomer","Surabaya","biaya","/layanan/grooming-hewan"
"biaya grooming kucing semarang","cat-groomer","Semarang","biaya","/layanan/grooming-hewan"
"biaya grooming kucing yogyakarta","cat-groomer","Yogyakarta","biaya","/layanan/grooming-hewan"
"biaya grooming kucing denpasar","cat-groomer","Denpasar","biaya","/layanan/grooming-hewan"
"biaya grooming kucing medan","cat-groomer","Medan","biaya","/layanan/grooming-hewan"
"biaya grooming kucing makassar","cat-groomer","Makassar","biaya","/layanan/grooming-hewan"
"biaya grooming kucing malang","cat-groomer","Malang","biaya","/layanan/grooming-hewan"
"biaya grooming kucing solo","cat-groomer","Solo","biaya","/layanan/grooming-hewan"
"biaya grooming kucing batam","cat-groomer","Batam","biaya","/layanan/grooming-hewan"
"biaya grooming kucing balikpapan","cat-groomer","Balikpapan","biaya","/layanan/grooming-hewan"
"biaya grooming kucing samarinda","cat-groomer","Samarinda","biaya","/layanan/grooming-hewan"
"biaya grooming kucing palembang","cat-groomer","Palembang","biaya","/layanan/grooming-hewan"
"biaya grooming kucing pekanbaru","cat-groomer","Pekanbaru","biaya","/layanan/grooming-hewan"
"biaya grooming kucing manado","cat-groomer","Manado","biaya","/layanan/grooming-hewan"
"harga grooming kucing jakarta","cat-groomer","Jakarta","harga","/layanan/grooming-hewan"
"harga grooming kucing bogor","cat-groomer","Bogor","harga","/layanan/grooming-hewan"
"harga grooming kucing depok","cat-groomer","Depok","harga","/layanan/grooming-hewan"
"harga grooming kucing tangerang","cat-groomer","Tangerang","harga","/layanan/grooming-hewan"
"harga grooming kucing bekasi","cat-groomer","Bekasi","harga","/layanan/grooming-hewan"
"harga grooming kucing bandung","cat-groomer","Bandung","harga","/layanan/grooming-hewan"
"harga grooming kucing surabaya","cat-groomer","Surabaya","harga","/layanan/grooming-hewan"
"harga grooming kucing semarang","cat-groomer","Semarang","harga","/layanan/grooming-hewan"
"harga grooming kucing yogyakarta","cat-groomer","Yogyakarta","harga","/layanan/grooming-hewan"
"harga grooming kucing denpasar","cat-groomer","Denpasar","harga","/layanan/grooming-hewan"
"harga grooming kucing medan","cat-groomer","Medan","harga","/layanan/grooming-hewan"
"harga grooming kucing makassar","cat-groomer","Makassar","harga","/layanan/grooming-hewan"
"harga grooming kucing malang","cat-groomer","Malang","harga","/layanan/grooming-hewan"
"harga grooming kucing solo","cat-groomer","Solo","harga","/layanan/grooming-hewan"
"harga grooming kucing batam","cat-groomer","Batam","harga","/layanan/grooming-hewan"
"harga grooming kucing balikpapan","cat-groomer","Balikpapan","harga","/layanan/grooming-hewan"
"harga grooming kucing samarinda","cat-groomer","Samarinda","harga","/layanan/grooming-hewan"
"harga grooming kucing palembang","cat-groomer","Palembang","harga","/layanan/grooming-hewan"
"harga grooming kucing pekanbaru","cat-groomer","Pekanbaru","harga","/layanan/grooming-hewan"
"harga grooming kucing manado","cat-groomer","Manado","harga","/layanan/grooming-hewan"
"layanan grooming kucing jakarta","cat-groomer","Jakarta","layanan","/layanan/grooming-hewan"
"layanan grooming kucing bogor","cat-groomer","Bogor","layanan","/layanan/grooming-hewan"
"layanan grooming kucing depok","cat-groomer","Depok","layanan","/layanan/grooming-hewan"
"layanan grooming kucing tangerang","cat-groomer","Tangerang","layanan","/layanan/grooming-hewan"
"layanan grooming kucing bekasi","cat-groomer","Bekasi","layanan","/layanan/grooming-hewan"
"layanan grooming kucing bandung","cat-groomer","Bandung","layanan","/layanan/grooming-hewan"
"layanan grooming kucing surabaya","cat-groomer","Surabaya","layanan","/layanan/grooming-hewan"
"layanan grooming kucing semarang","cat-groomer","Semarang","layanan","/layanan/grooming-hewan"
"layanan grooming kucing yogyakarta","cat-groomer","Yogyakarta","layanan","/layanan/grooming-hewan"
"layanan grooming kucing denpasar","cat-groomer","Denpasar","layanan","/layanan/grooming-hewan"
"layanan grooming kucing medan","cat-groomer","Medan","layanan","/layanan/grooming-hewan"
"layanan grooming kucing makassar","cat-groomer","Makassar","layanan","/layanan/grooming-hewan"
"layanan grooming kucing malang","cat-groomer","Malang","layanan","/layanan/grooming-hewan"
"layanan grooming kucing solo","cat-groomer","Solo","layanan","/layanan/grooming-hewan"
"layanan grooming kucing batam","cat-groomer","Batam","layanan","/layanan/grooming-hewan"
"layanan grooming kucing balikpapan","cat-groomer","Balikpapan","layanan","/layanan/grooming-hewan"
"layanan grooming kucing samarinda","cat-groomer","Samarinda","layanan","/layanan/grooming-hewan"
"layanan grooming kucing palembang","cat-groomer","Palembang","layanan","/layanan/grooming-hewan"
"layanan grooming kucing pekanbaru","cat-groomer","Pekanbaru","layanan","/layanan/grooming-hewan"
"layanan grooming kucing manado","cat-groomer","Manado","layanan","/layanan/grooming-hewan"
"tips memilih grooming kucing jakarta","cat-groomer","Jakarta","tips memilih","/layanan/grooming-hewan"
"tips memilih grooming kucing bogor","cat-groomer","Bogor","tips memilih","/layanan/grooming-hewan"
"tips memilih grooming kucing depok","cat-groomer","Depok","tips memilih","/layanan/grooming-hewan"
"tips memilih grooming kucing tangerang","cat-groomer","Tangerang","tips memilih","/layanan/grooming-hewan"
"tips memilih grooming kucing bekasi","cat-groomer","Bekasi","tips memilih","/layanan/grooming-hewan"
"tips memilih grooming kucing bandung","cat-groomer","Bandung","tips memilih","/layanan/grooming-hewan"
"tips memilih grooming kucing surabaya","cat-groomer","Surabaya","tips memilih","/layanan/grooming-hewan"
"tips memilih grooming kucing semarang","cat-groomer","Semarang","tips memilih","/layanan/grooming-hewan"
"tips memilih grooming kucing yogyakarta","cat-groomer","Yogyakarta","tips memilih","/layanan/grooming-hewan"
"tips memilih grooming kucing denpasar","cat-groomer","Denpasar","tips memilih","/layanan/grooming-hewan"
"tips memilih grooming kucing medan","cat-groomer","Medan","tips memilih","/layanan/grooming-hewan"
"tips memilih grooming kucing makassar","cat-groomer","Makassar","tips memilih","/layanan/grooming-hewan"
"tips memilih grooming kucing malang","cat-groomer","Malang","tips memilih","/layanan/grooming-hewan"
"tips memilih grooming kucing solo","cat-groomer","Solo","tips memilih","/layanan/grooming-hewan"
"tips memilih grooming kucing batam","cat-groomer","Batam","tips memilih","/layanan/grooming-hewan"
"tips memilih grooming kucing balikpapan","cat-groomer","Balikpapan","tips memilih","/layanan/grooming-hewan"
"tips memilih grooming kucing samarinda","cat-groomer","Samarinda","tips memilih","/layanan/grooming-hewan"
"tips memilih grooming kucing palembang","cat-groomer","Palembang","tips memilih","/layanan/grooming-hewan"
"tips memilih grooming kucing pekanbaru","cat-groomer","Pekanbaru","tips memilih","/layanan/grooming-hewan"
"tips memilih grooming kucing manado","cat-groomer","Manado","tips memilih","/layanan/grooming-hewan"
"persiapan menggunakan grooming kucing jakarta","cat-groomer","Jakarta","persiapan menggunakan","/layanan/grooming-hewan"
"persiapan menggunakan grooming kucing bogor","cat-groomer","Bogor","persiapan menggunakan","/layanan/grooming-hewan"
"persiapan menggunakan grooming kucing depok","cat-groomer","Depok","persiapan menggunakan","/layanan/grooming-hewan"
"persiapan menggunakan grooming kucing tangerang","cat-groomer","Tangerang","persiapan menggunakan","/layanan/grooming-hewan"
"persiapan menggunakan grooming kucing bekasi","cat-groomer","Bekasi","persiapan menggunakan","/layanan/grooming-hewan"
"persiapan menggunakan grooming kucing bandung","cat-groomer","Bandung","persiapan menggunakan","/layanan/grooming-hewan"
"persiapan menggunakan grooming kucing surabaya","cat-groomer","Surabaya","persiapan menggunakan","/layanan/grooming-hewan"
"persiapan menggunakan grooming kucing semarang","cat-groomer","Semarang","persiapan menggunakan","/layanan/grooming-hewan"
"persiapan menggunakan grooming kucing yogyakarta","cat-groomer","Yogyakarta","persiapan menggunakan","/layanan/grooming-hewan"
"persiapan menggunakan grooming kucing denpasar","cat-groomer","Denpasar","persiapan menggunakan","/layanan/grooming-hewan"
"persiapan menggunakan grooming kucing medan","cat-groomer","Medan","persiapan menggunakan","/layanan/grooming-hewan"
"persiapan menggunakan grooming kucing makassar","cat-groomer","Makassar","persiapan menggunakan","/layanan/grooming-hewan"
"persiapan menggunakan grooming kucing malang","cat-groomer","Malang","persiapan menggunakan","/layanan/grooming-hewan"
"persiapan menggunakan grooming kucing solo","cat-groomer","Solo","persiapan menggunakan","/layanan/grooming-hewan"
"persiapan menggunakan grooming kucing batam","cat-groomer","Batam","persiapan menggunakan","/layanan/grooming-hewan"
"persiapan menggunakan grooming kucing balikpapan","cat-groomer","Balikpapan","persiapan menggunakan","/layanan/grooming-hewan"
"persiapan menggunakan grooming kucing samarinda","cat-groomer","Samarinda","persiapan menggunakan","/layanan/grooming-hewan"
"persiapan menggunakan grooming kucing palembang","cat-groomer","Palembang","persiapan menggunakan","/layanan/grooming-hewan"
"persiapan menggunakan grooming kucing pekanbaru","cat-groomer","Pekanbaru","persiapan menggunakan","/layanan/grooming-hewan"
"persiapan menggunakan grooming kucing manado","cat-groomer","Manado","persiapan menggunakan","/layanan/grooming-hewan"
"panduan grooming kucing jakarta","cat-groomer","Jakarta","panduan","/layanan/grooming-hewan"
"panduan grooming kucing bogor","cat-groomer","Bogor","panduan","/layanan/grooming-hewan"
"panduan grooming kucing depok","cat-groomer","Depok","panduan","/layanan/grooming-hewan"
"panduan grooming kucing tangerang","cat-groomer","Tangerang","panduan","/layanan/grooming-hewan"
"panduan grooming kucing bekasi","cat-groomer","Bekasi","panduan","/layanan/grooming-hewan"
"panduan grooming kucing bandung","cat-groomer","Bandung","panduan","/layanan/grooming-hewan"
"panduan grooming kucing surabaya","cat-groomer","Surabaya","panduan","/layanan/grooming-hewan"
"panduan grooming kucing semarang","cat-groomer","Semarang","panduan","/layanan/grooming-hewan"
"panduan grooming kucing yogyakarta","cat-groomer","Yogyakarta","panduan","/layanan/grooming-hewan"
"panduan grooming kucing denpasar","cat-groomer","Denpasar","panduan","/layanan/grooming-hewan"
"panduan grooming kucing medan","cat-groomer","Medan","panduan","/layanan/grooming-hewan"
"panduan grooming kucing makassar","cat-groomer","Makassar","panduan","/layanan/grooming-hewan"
"panduan grooming kucing malang","cat-groomer","Malang","panduan","/layanan/grooming-hewan"
"panduan grooming kucing solo","cat-groomer","Solo","panduan","/layanan/grooming-hewan"
"panduan grooming kucing batam","cat-groomer","Batam","panduan","/layanan/grooming-hewan"
"panduan grooming kucing balikpapan","cat-groomer","Balikpapan","panduan","/layanan/grooming-hewan"
"panduan grooming kucing samarinda","cat-groomer","Samarinda","panduan","/layanan/grooming-hewan"
"panduan grooming kucing palembang","cat-groomer","Palembang","panduan","/layanan/grooming-hewan"
"panduan grooming kucing pekanbaru","cat-groomer","Pekanbaru","panduan","/layanan/grooming-hewan"
"panduan grooming kucing manado","cat-groomer","Manado","panduan","/layanan/grooming-hewan"
"lowongan part time grooming kucing jakarta","cat-groomer","Jakarta","lowongan part time","/career/pet-groomer"
"lowongan part time grooming kucing bogor","cat-groomer","Bogor","lowongan part time","/career/pet-groomer"
"lowongan part time grooming kucing depok","cat-groomer","Depok","lowongan part time","/career/pet-groomer"
"lowongan part time grooming kucing tangerang","cat-groomer","Tangerang","lowongan part time","/career/pet-groomer"
"lowongan part time grooming kucing bekasi","cat-groomer","Bekasi","lowongan part time","/career/pet-groomer"
"lowongan part time grooming kucing bandung","cat-groomer","Bandung","lowongan part time","/career/pet-groomer"
"lowongan part time grooming kucing surabaya","cat-groomer","Surabaya","lowongan part time","/career/pet-groomer"
"lowongan part time grooming kucing semarang","cat-groomer","Semarang","lowongan part time","/career/pet-groomer"
"lowongan part time grooming kucing yogyakarta","cat-groomer","Yogyakarta","lowongan part time","/career/pet-groomer"
"lowongan part time grooming kucing denpasar","cat-groomer","Denpasar","lowongan part time","/career/pet-groomer"
"lowongan part time grooming kucing medan","cat-groomer","Medan","lowongan part time","/career/pet-groomer"
"lowongan part time grooming kucing makassar","cat-groomer","Makassar","lowongan part time","/career/pet-groomer"
"lowongan part time grooming kucing malang","cat-groomer","Malang","lowongan part time","/career/pet-groomer"
"lowongan part time grooming kucing solo","cat-groomer","Solo","lowongan part time","/career/pet-groomer"
"lowongan part time grooming kucing batam","cat-groomer","Batam","lowongan part time","/career/pet-groomer"
"lowongan part time grooming kucing balikpapan","cat-groomer","Balikpapan","lowongan part time","/career/pet-groomer"
"lowongan part time grooming kucing samarinda","cat-groomer","Samarinda","lowongan part time","/career/pet-groomer"
"lowongan part time grooming kucing palembang","cat-groomer","Palembang","lowongan part time","/career/pet-groomer"
"lowongan part time grooming kucing pekanbaru","cat-groomer","Pekanbaru","lowongan part time","/career/pet-groomer"
"lowongan part time grooming kucing manado","cat-groomer","Manado","lowongan part time","/career/pet-groomer"
"freelance grooming kucing jakarta","cat-groomer","Jakarta","freelance","/career/pet-groomer"
"freelance grooming kucing bogor","cat-groomer","Bogor","freelance","/career/pet-groomer"
"freelance grooming kucing depok","cat-groomer","Depok","freelance","/career/pet-groomer"
"freelance grooming kucing tangerang","cat-groomer","Tangerang","freelance","/career/pet-groomer"
"freelance grooming kucing bekasi","cat-groomer","Bekasi","freelance","/career/pet-groomer"
"freelance grooming kucing bandung","cat-groomer","Bandung","freelance","/career/pet-groomer"
"freelance grooming kucing surabaya","cat-groomer","Surabaya","freelance","/career/pet-groomer"
"freelance grooming kucing semarang","cat-groomer","Semarang","freelance","/career/pet-groomer"
"freelance grooming kucing yogyakarta","cat-groomer","Yogyakarta","freelance","/career/pet-groomer"
"freelance grooming kucing denpasar","cat-groomer","Denpasar","freelance","/career/pet-groomer"
"freelance grooming kucing medan","cat-groomer","Medan","freelance","/career/pet-groomer"
"freelance grooming kucing makassar","cat-groomer","Makassar","freelance","/career/pet-groomer"
"freelance grooming kucing malang","cat-groomer","Malang","freelance","/career/pet-groomer"
"freelance grooming kucing solo","cat-groomer","Solo","freelance","/career/pet-groomer"
"freelance grooming kucing batam","cat-groomer","Batam","freelance","/career/pet-groomer"
"freelance grooming kucing balikpapan","cat-groomer","Balikpapan","freelance","/career/pet-groomer"
"freelance grooming kucing samarinda","cat-groomer","Samarinda","freelance","/career/pet-groomer"
"freelance grooming kucing palembang","cat-groomer","Palembang","freelance","/career/pet-groomer"
"freelance grooming kucing pekanbaru","cat-groomer","Pekanbaru","freelance","/career/pet-groomer"
"freelance grooming kucing manado","cat-groomer","Manado","freelance","/career/pet-groomer"
"jasa grooming anjing jakarta","dog-groomer","Jakarta","jasa","/layanan/grooming-hewan"
"jasa grooming anjing bogor","dog-groomer","Bogor","jasa","/layanan/grooming-hewan"
"jasa grooming anjing depok","dog-groomer","Depok","jasa","/layanan/grooming-hewan"
"jasa grooming anjing tangerang","dog-groomer","Tangerang","jasa","/layanan/grooming-hewan"
"jasa grooming anjing bekasi","dog-groomer","Bekasi","jasa","/layanan/grooming-hewan"
"jasa grooming anjing bandung","dog-groomer","Bandung","jasa","/layanan/grooming-hewan"
"jasa grooming anjing surabaya","dog-groomer","Surabaya","jasa","/layanan/grooming-hewan"
"jasa grooming anjing semarang","dog-groomer","Semarang","jasa","/layanan/grooming-hewan"
"jasa grooming anjing yogyakarta","dog-groomer","Yogyakarta","jasa","/layanan/grooming-hewan"
"jasa grooming anjing denpasar","dog-groomer","Denpasar","jasa","/layanan/grooming-hewan"
"jasa grooming anjing medan","dog-groomer","Medan","jasa","/layanan/grooming-hewan"
"jasa grooming anjing makassar","dog-groomer","Makassar","jasa","/layanan/grooming-hewan"
"jasa grooming anjing malang","dog-groomer","Malang","jasa","/layanan/grooming-hewan"
"jasa grooming anjing solo","dog-groomer","Solo","jasa","/layanan/grooming-hewan"
"jasa grooming anjing batam","dog-groomer","Batam","jasa","/layanan/grooming-hewan"
"jasa grooming anjing balikpapan","dog-groomer","Balikpapan","jasa","/layanan/grooming-hewan"
"jasa grooming anjing samarinda","dog-groomer","Samarinda","jasa","/layanan/grooming-hewan"
"jasa grooming anjing palembang","dog-groomer","Palembang","jasa","/layanan/grooming-hewan"
"jasa grooming anjing pekanbaru","dog-groomer","Pekanbaru","jasa","/layanan/grooming-hewan"
"jasa grooming anjing manado","dog-groomer","Manado","jasa","/layanan/grooming-hewan"
"cari grooming anjing jakarta","dog-groomer","Jakarta","cari","/layanan/grooming-hewan"
"cari grooming anjing bogor","dog-groomer","Bogor","cari","/layanan/grooming-hewan"
"cari grooming anjing depok","dog-groomer","Depok","cari","/layanan/grooming-hewan"
"cari grooming anjing tangerang","dog-groomer","Tangerang","cari","/layanan/grooming-hewan"
"cari grooming anjing bekasi","dog-groomer","Bekasi","cari","/layanan/grooming-hewan"
"cari grooming anjing bandung","dog-groomer","Bandung","cari","/layanan/grooming-hewan"
"cari grooming anjing surabaya","dog-groomer","Surabaya","cari","/layanan/grooming-hewan"
"cari grooming anjing semarang","dog-groomer","Semarang","cari","/layanan/grooming-hewan"
"cari grooming anjing yogyakarta","dog-groomer","Yogyakarta","cari","/layanan/grooming-hewan"
"cari grooming anjing denpasar","dog-groomer","Denpasar","cari","/layanan/grooming-hewan"
"cari grooming anjing medan","dog-groomer","Medan","cari","/layanan/grooming-hewan"
"cari grooming anjing makassar","dog-groomer","Makassar","cari","/layanan/grooming-hewan"
"cari grooming anjing malang","dog-groomer","Malang","cari","/layanan/grooming-hewan"
"cari grooming anjing solo","dog-groomer","Solo","cari","/layanan/grooming-hewan"
"cari grooming anjing batam","dog-groomer","Batam","cari","/layanan/grooming-hewan"
"cari grooming anjing balikpapan","dog-groomer","Balikpapan","cari","/layanan/grooming-hewan"
"cari grooming anjing samarinda","dog-groomer","Samarinda","cari","/layanan/grooming-hewan"
"cari grooming anjing palembang","dog-groomer","Palembang","cari","/layanan/grooming-hewan"
"cari grooming anjing pekanbaru","dog-groomer","Pekanbaru","cari","/layanan/grooming-hewan"
"cari grooming anjing manado","dog-groomer","Manado","cari","/layanan/grooming-hewan"
"biaya grooming anjing jakarta","dog-groomer","Jakarta","biaya","/layanan/grooming-hewan"
"biaya grooming anjing bogor","dog-groomer","Bogor","biaya","/layanan/grooming-hewan"
"biaya grooming anjing depok","dog-groomer","Depok","biaya","/layanan/grooming-hewan"
"biaya grooming anjing tangerang","dog-groomer","Tangerang","biaya","/layanan/grooming-hewan"
"biaya grooming anjing bekasi","dog-groomer","Bekasi","biaya","/layanan/grooming-hewan"
"biaya grooming anjing bandung","dog-groomer","Bandung","biaya","/layanan/grooming-hewan"
"biaya grooming anjing surabaya","dog-groomer","Surabaya","biaya","/layanan/grooming-hewan"
"biaya grooming anjing semarang","dog-groomer","Semarang","biaya","/layanan/grooming-hewan"
"biaya grooming anjing yogyakarta","dog-groomer","Yogyakarta","biaya","/layanan/grooming-hewan"
"biaya grooming anjing denpasar","dog-groomer","Denpasar","biaya","/layanan/grooming-hewan"
"biaya grooming anjing medan","dog-groomer","Medan","biaya","/layanan/grooming-hewan"
"biaya grooming anjing makassar","dog-groomer","Makassar","biaya","/layanan/grooming-hewan"
"biaya grooming anjing malang","dog-groomer","Malang","biaya","/layanan/grooming-hewan"
"biaya grooming anjing solo","dog-groomer","Solo","biaya","/layanan/grooming-hewan"
"biaya grooming anjing batam","dog-groomer","Batam","biaya","/layanan/grooming-hewan"
"biaya grooming anjing balikpapan","dog-groomer","Balikpapan","biaya","/layanan/grooming-hewan"
"biaya grooming anjing samarinda","dog-groomer","Samarinda","biaya","/layanan/grooming-hewan"
"biaya grooming anjing palembang","dog-groomer","Palembang","biaya","/layanan/grooming-hewan"
"biaya grooming anjing pekanbaru","dog-groomer","Pekanbaru","biaya","/layanan/grooming-hewan"
"biaya grooming anjing manado","dog-groomer","Manado","biaya","/layanan/grooming-hewan"
"harga grooming anjing jakarta","dog-groomer","Jakarta","harga","/layanan/grooming-hewan"
"harga grooming anjing bogor","dog-groomer","Bogor","harga","/layanan/grooming-hewan"
"harga grooming anjing depok","dog-groomer","Depok","harga","/layanan/grooming-hewan"
"harga grooming anjing tangerang","dog-groomer","Tangerang","harga","/layanan/grooming-hewan"
"harga grooming anjing bekasi","dog-groomer","Bekasi","harga","/layanan/grooming-hewan"
"harga grooming anjing bandung","dog-groomer","Bandung","harga","/layanan/grooming-hewan"
"harga grooming anjing surabaya","dog-groomer","Surabaya","harga","/layanan/grooming-hewan"
"harga grooming anjing semarang","dog-groomer","Semarang","harga","/layanan/grooming-hewan"
"harga grooming anjing yogyakarta","dog-groomer","Yogyakarta","harga","/layanan/grooming-hewan"
"harga grooming anjing denpasar","dog-groomer","Denpasar","harga","/layanan/grooming-hewan"
"harga grooming anjing medan","dog-groomer","Medan","harga","/layanan/grooming-hewan"
"harga grooming anjing makassar","dog-groomer","Makassar","harga","/layanan/grooming-hewan"
"harga grooming anjing malang","dog-groomer","Malang","harga","/layanan/grooming-hewan"
"harga grooming anjing solo","dog-groomer","Solo","harga","/layanan/grooming-hewan"
"harga grooming anjing batam","dog-groomer","Batam","harga","/layanan/grooming-hewan"
"harga grooming anjing balikpapan","dog-groomer","Balikpapan","harga","/layanan/grooming-hewan"
"harga grooming anjing samarinda","dog-groomer","Samarinda","harga","/layanan/grooming-hewan"
"harga grooming anjing palembang","dog-groomer","Palembang","harga","/layanan/grooming-hewan"
"harga grooming anjing pekanbaru","dog-groomer","Pekanbaru","harga","/layanan/grooming-hewan"
"harga grooming anjing manado","dog-groomer","Manado","harga","/layanan/grooming-hewan"
"layanan grooming anjing jakarta","dog-groomer","Jakarta","layanan","/layanan/grooming-hewan"
"layanan grooming anjing bogor","dog-groomer","Bogor","layanan","/layanan/grooming-hewan"
"layanan grooming anjing depok","dog-groomer","Depok","layanan","/layanan/grooming-hewan"
"layanan grooming anjing tangerang","dog-groomer","Tangerang","layanan","/layanan/grooming-hewan"
"layanan grooming anjing bekasi","dog-groomer","Bekasi","layanan","/layanan/grooming-hewan"
"layanan grooming anjing bandung","dog-groomer","Bandung","layanan","/layanan/grooming-hewan"
"layanan grooming anjing surabaya","dog-groomer","Surabaya","layanan","/layanan/grooming-hewan"
"layanan grooming anjing semarang","dog-groomer","Semarang","layanan","/layanan/grooming-hewan"
"layanan grooming anjing yogyakarta","dog-groomer","Yogyakarta","layanan","/layanan/grooming-hewan"
"layanan grooming anjing denpasar","dog-groomer","Denpasar","layanan","/layanan/grooming-hewan"
"layanan grooming anjing medan","dog-groomer","Medan","layanan","/layanan/grooming-hewan"
"layanan grooming anjing makassar","dog-groomer","Makassar","layanan","/layanan/grooming-hewan"
"layanan grooming anjing malang","dog-groomer","Malang","layanan","/layanan/grooming-hewan"
"layanan grooming anjing solo","dog-groomer","Solo","layanan","/layanan/grooming-hewan"
"layanan grooming anjing batam","dog-groomer","Batam","layanan","/layanan/grooming-hewan"
"layanan grooming anjing balikpapan","dog-groomer","Balikpapan","layanan","/layanan/grooming-hewan"
"layanan grooming anjing samarinda","dog-groomer","Samarinda","layanan","/layanan/grooming-hewan"
"layanan grooming anjing palembang","dog-groomer","Palembang","layanan","/layanan/grooming-hewan"
"layanan grooming anjing pekanbaru","dog-groomer","Pekanbaru","layanan","/layanan/grooming-hewan"
"layanan grooming anjing manado","dog-groomer","Manado","layanan","/layanan/grooming-hewan"
"tips memilih grooming anjing jakarta","dog-groomer","Jakarta","tips memilih","/layanan/grooming-hewan"
"tips memilih grooming anjing bogor","dog-groomer","Bogor","tips memilih","/layanan/grooming-hewan"
"tips memilih grooming anjing depok","dog-groomer","Depok","tips memilih","/layanan/grooming-hewan"
"tips memilih grooming anjing tangerang","dog-groomer","Tangerang","tips memilih","/layanan/grooming-hewan"
"tips memilih grooming anjing bekasi","dog-groomer","Bekasi","tips memilih","/layanan/grooming-hewan"
"tips memilih grooming anjing bandung","dog-groomer","Bandung","tips memilih","/layanan/grooming-hewan"
"tips memilih grooming anjing surabaya","dog-groomer","Surabaya","tips memilih","/layanan/grooming-hewan"
"tips memilih grooming anjing semarang","dog-groomer","Semarang","tips memilih","/layanan/grooming-hewan"
"tips memilih grooming anjing yogyakarta","dog-groomer","Yogyakarta","tips memilih","/layanan/grooming-hewan"
"tips memilih grooming anjing denpasar","dog-groomer","Denpasar","tips memilih","/layanan/grooming-hewan"
"tips memilih grooming anjing medan","dog-groomer","Medan","tips memilih","/layanan/grooming-hewan"
"tips memilih grooming anjing makassar","dog-groomer","Makassar","tips memilih","/layanan/grooming-hewan"
"tips memilih grooming anjing malang","dog-groomer","Malang","tips memilih","/layanan/grooming-hewan"
"tips memilih grooming anjing solo","dog-groomer","Solo","tips memilih","/layanan/grooming-hewan"
"tips memilih grooming anjing batam","dog-groomer","Batam","tips memilih","/layanan/grooming-hewan"
"tips memilih grooming anjing balikpapan","dog-groomer","Balikpapan","tips memilih","/layanan/grooming-hewan"
"tips memilih grooming anjing samarinda","dog-groomer","Samarinda","tips memilih","/layanan/grooming-hewan"
"tips memilih grooming anjing palembang","dog-groomer","Palembang","tips memilih","/layanan/grooming-hewan"
"tips memilih grooming anjing pekanbaru","dog-groomer","Pekanbaru","tips memilih","/layanan/grooming-hewan"
"tips memilih grooming anjing manado","dog-groomer","Manado","tips memilih","/layanan/grooming-hewan"
"persiapan menggunakan grooming anjing jakarta","dog-groomer","Jakarta","persiapan menggunakan","/layanan/grooming-hewan"
"persiapan menggunakan grooming anjing bogor","dog-groomer","Bogor","persiapan menggunakan","/layanan/grooming-hewan"
"persiapan menggunakan grooming anjing depok","dog-groomer","Depok","persiapan menggunakan","/layanan/grooming-hewan"
"persiapan menggunakan grooming anjing tangerang","dog-groomer","Tangerang","persiapan menggunakan","/layanan/grooming-hewan"
"persiapan menggunakan grooming anjing bekasi","dog-groomer","Bekasi","persiapan menggunakan","/layanan/grooming-hewan"
"persiapan menggunakan grooming anjing bandung","dog-groomer","Bandung","persiapan menggunakan","/layanan/grooming-hewan"
"persiapan menggunakan grooming anjing surabaya","dog-groomer","Surabaya","persiapan menggunakan","/layanan/grooming-hewan"
"persiapan menggunakan grooming anjing semarang","dog-groomer","Semarang","persiapan menggunakan","/layanan/grooming-hewan"
"persiapan menggunakan grooming anjing yogyakarta","dog-groomer","Yogyakarta","persiapan menggunakan","/layanan/grooming-hewan"
"persiapan menggunakan grooming anjing denpasar","dog-groomer","Denpasar","persiapan menggunakan","/layanan/grooming-hewan"
"persiapan menggunakan grooming anjing medan","dog-groomer","Medan","persiapan menggunakan","/layanan/grooming-hewan"
"persiapan menggunakan grooming anjing makassar","dog-groomer","Makassar","persiapan menggunakan","/layanan/grooming-hewan"
"persiapan menggunakan grooming anjing malang","dog-groomer","Malang","persiapan menggunakan","/layanan/grooming-hewan"
"persiapan menggunakan grooming anjing solo","dog-groomer","Solo","persiapan menggunakan","/layanan/grooming-hewan"
"persiapan menggunakan grooming anjing batam","dog-groomer","Batam","persiapan menggunakan","/layanan/grooming-hewan"
"persiapan menggunakan grooming anjing balikpapan","dog-groomer","Balikpapan","persiapan menggunakan","/layanan/grooming-hewan"
"persiapan menggunakan grooming anjing samarinda","dog-groomer","Samarinda","persiapan menggunakan","/layanan/grooming-hewan"
"persiapan menggunakan grooming anjing palembang","dog-groomer","Palembang","persiapan menggunakan","/layanan/grooming-hewan"
"persiapan menggunakan grooming anjing pekanbaru","dog-groomer","Pekanbaru","persiapan menggunakan","/layanan/grooming-hewan"
"persiapan menggunakan grooming anjing manado","dog-groomer","Manado","persiapan menggunakan","/layanan/grooming-hewan"
"panduan grooming anjing jakarta","dog-groomer","Jakarta","panduan","/layanan/grooming-hewan"
"panduan grooming anjing bogor","dog-groomer","Bogor","panduan","/layanan/grooming-hewan"
"panduan grooming anjing depok","dog-groomer","Depok","panduan","/layanan/grooming-hewan"
"panduan grooming anjing tangerang","dog-groomer","Tangerang","panduan","/layanan/grooming-hewan"
"panduan grooming anjing bekasi","dog-groomer","Bekasi","panduan","/layanan/grooming-hewan"
"panduan grooming anjing bandung","dog-groomer","Bandung","panduan","/layanan/grooming-hewan"
"panduan grooming anjing surabaya","dog-groomer","Surabaya","panduan","/layanan/grooming-hewan"
"panduan grooming anjing semarang","dog-groomer","Semarang","panduan","/layanan/grooming-hewan"
"panduan grooming anjing yogyakarta","dog-groomer","Yogyakarta","panduan","/layanan/grooming-hewan"
"panduan grooming anjing denpasar","dog-groomer","Denpasar","panduan","/layanan/grooming-hewan"
"panduan grooming anjing medan","dog-groomer","Medan","panduan","/layanan/grooming-hewan"
"panduan grooming anjing makassar","dog-groomer","Makassar","panduan","/layanan/grooming-hewan"
"panduan grooming anjing malang","dog-groomer","Malang","panduan","/layanan/grooming-hewan"
"panduan grooming anjing solo","dog-groomer","Solo","panduan","/layanan/grooming-hewan"
"panduan grooming anjing batam","dog-groomer","Batam","panduan","/layanan/grooming-hewan"
"panduan grooming anjing balikpapan","dog-groomer","Balikpapan","panduan","/layanan/grooming-hewan"
"panduan grooming anjing samarinda","dog-groomer","Samarinda","panduan","/layanan/grooming-hewan"
"panduan grooming anjing palembang","dog-groomer","Palembang","panduan","/layanan/grooming-hewan"
"panduan grooming anjing pekanbaru","dog-groomer","Pekanbaru","panduan","/layanan/grooming-hewan"
"panduan grooming anjing manado","dog-groomer","Manado","panduan","/layanan/grooming-hewan"
"lowongan part time grooming anjing jakarta","dog-groomer","Jakarta","lowongan part time","/career/pet-groomer"
"lowongan part time grooming anjing bogor","dog-groomer","Bogor","lowongan part time","/career/pet-groomer"
"lowongan part time grooming anjing depok","dog-groomer","Depok","lowongan part time","/career/pet-groomer"
"lowongan part time grooming anjing tangerang","dog-groomer","Tangerang","lowongan part time","/career/pet-groomer"
"lowongan part time grooming anjing bekasi","dog-groomer","Bekasi","lowongan part time","/career/pet-groomer"
"lowongan part time grooming anjing bandung","dog-groomer","Bandung","lowongan part time","/career/pet-groomer"
"lowongan part time grooming anjing surabaya","dog-groomer","Surabaya","lowongan part time","/career/pet-groomer"
"lowongan part time grooming anjing semarang","dog-groomer","Semarang","lowongan part time","/career/pet-groomer"
"lowongan part time grooming anjing yogyakarta","dog-groomer","Yogyakarta","lowongan part time","/career/pet-groomer"
"lowongan part time grooming anjing denpasar","dog-groomer","Denpasar","lowongan part time","/career/pet-groomer"
"lowongan part time grooming anjing medan","dog-groomer","Medan","lowongan part time","/career/pet-groomer"
"lowongan part time grooming anjing makassar","dog-groomer","Makassar","lowongan part time","/career/pet-groomer"
"lowongan part time grooming anjing malang","dog-groomer","Malang","lowongan part time","/career/pet-groomer"
"lowongan part time grooming anjing solo","dog-groomer","Solo","lowongan part time","/career/pet-groomer"
"lowongan part time grooming anjing batam","dog-groomer","Batam","lowongan part time","/career/pet-groomer"
"lowongan part time grooming anjing balikpapan","dog-groomer","Balikpapan","lowongan part time","/career/pet-groomer"
"lowongan part time grooming anjing samarinda","dog-groomer","Samarinda","lowongan part time","/career/pet-groomer"
"lowongan part time grooming anjing palembang","dog-groomer","Palembang","lowongan part time","/career/pet-groomer"
"lowongan part time grooming anjing pekanbaru","dog-groomer","Pekanbaru","lowongan part time","/career/pet-groomer"
"lowongan part time grooming anjing manado","dog-groomer","Manado","lowongan part time","/career/pet-groomer"
"freelance grooming anjing jakarta","dog-groomer","Jakarta","freelance","/career/pet-groomer"
"freelance grooming anjing bogor","dog-groomer","Bogor","freelance","/career/pet-groomer"
"freelance grooming anjing depok","dog-groomer","Depok","freelance","/career/pet-groomer"
"freelance grooming anjing tangerang","dog-groomer","Tangerang","freelance","/career/pet-groomer"
"freelance grooming anjing bekasi","dog-groomer","Bekasi","freelance","/career/pet-groomer"
"freelance grooming anjing bandung","dog-groomer","Bandung","freelance","/career/pet-groomer"
"freelance grooming anjing surabaya","dog-groomer","Surabaya","freelance","/career/pet-groomer"
"freelance grooming anjing semarang","dog-groomer","Semarang","freelance","/career/pet-groomer"
"freelance grooming anjing yogyakarta","dog-groomer","Yogyakarta","freelance","/career/pet-groomer"
"freelance grooming anjing denpasar","dog-groomer","Denpasar","freelance","/career/pet-groomer"
"freelance grooming anjing medan","dog-groomer","Medan","freelance","/career/pet-groomer"
"freelance grooming anjing makassar","dog-groomer","Makassar","freelance","/career/pet-groomer"
"freelance grooming anjing malang","dog-groomer","Malang","freelance","/career/pet-groomer"
"freelance grooming anjing solo","dog-groomer","Solo","freelance","/career/pet-groomer"
"freelance grooming anjing batam","dog-groomer","Batam","freelance","/career/pet-groomer"
"freelance grooming anjing balikpapan","dog-groomer","Balikpapan","freelance","/career/pet-groomer"
"freelance grooming anjing samarinda","dog-groomer","Samarinda","freelance","/career/pet-groomer"
"freelance grooming anjing palembang","dog-groomer","Palembang","freelance","/career/pet-groomer"
"freelance grooming anjing pekanbaru","dog-groomer","Pekanbaru","freelance","/career/pet-groomer"
"freelance grooming anjing manado","dog-groomer","Manado","freelance","/career/pet-groomer"
"jasa dog walker jakarta","dog-walker","Jakarta","jasa","/pet-sitter"
"jasa dog walker bogor","dog-walker","Bogor","jasa","/pet-sitter"
"jasa dog walker depok","dog-walker","Depok","jasa","/pet-sitter"
"jasa dog walker tangerang","dog-walker","Tangerang","jasa","/pet-sitter"
"jasa dog walker bekasi","dog-walker","Bekasi","jasa","/pet-sitter"
"jasa dog walker bandung","dog-walker","Bandung","jasa","/pet-sitter"
"jasa dog walker surabaya","dog-walker","Surabaya","jasa","/pet-sitter"
"jasa dog walker semarang","dog-walker","Semarang","jasa","/pet-sitter"
"jasa dog walker yogyakarta","dog-walker","Yogyakarta","jasa","/pet-sitter"
"jasa dog walker denpasar","dog-walker","Denpasar","jasa","/pet-sitter"
"jasa dog walker medan","dog-walker","Medan","jasa","/pet-sitter"
"jasa dog walker makassar","dog-walker","Makassar","jasa","/pet-sitter"
"jasa dog walker malang","dog-walker","Malang","jasa","/pet-sitter"
"jasa dog walker solo","dog-walker","Solo","jasa","/pet-sitter"
"jasa dog walker batam","dog-walker","Batam","jasa","/pet-sitter"
"jasa dog walker balikpapan","dog-walker","Balikpapan","jasa","/pet-sitter"
"jasa dog walker samarinda","dog-walker","Samarinda","jasa","/pet-sitter"
"jasa dog walker palembang","dog-walker","Palembang","jasa","/pet-sitter"
"jasa dog walker pekanbaru","dog-walker","Pekanbaru","jasa","/pet-sitter"
"jasa dog walker manado","dog-walker","Manado","jasa","/pet-sitter"
"cari dog walker jakarta","dog-walker","Jakarta","cari","/pet-sitter"
"cari dog walker bogor","dog-walker","Bogor","cari","/pet-sitter"
"cari dog walker depok","dog-walker","Depok","cari","/pet-sitter"
"cari dog walker tangerang","dog-walker","Tangerang","cari","/pet-sitter"
"cari dog walker bekasi","dog-walker","Bekasi","cari","/pet-sitter"
"cari dog walker bandung","dog-walker","Bandung","cari","/pet-sitter"
"cari dog walker surabaya","dog-walker","Surabaya","cari","/pet-sitter"
"cari dog walker semarang","dog-walker","Semarang","cari","/pet-sitter"
"cari dog walker yogyakarta","dog-walker","Yogyakarta","cari","/pet-sitter"
"cari dog walker denpasar","dog-walker","Denpasar","cari","/pet-sitter"
"cari dog walker medan","dog-walker","Medan","cari","/pet-sitter"
"cari dog walker makassar","dog-walker","Makassar","cari","/pet-sitter"
"cari dog walker malang","dog-walker","Malang","cari","/pet-sitter"
"cari dog walker solo","dog-walker","Solo","cari","/pet-sitter"
"cari dog walker batam","dog-walker","Batam","cari","/pet-sitter"
"cari dog walker balikpapan","dog-walker","Balikpapan","cari","/pet-sitter"
"cari dog walker samarinda","dog-walker","Samarinda","cari","/pet-sitter"
"cari dog walker palembang","dog-walker","Palembang","cari","/pet-sitter"
"cari dog walker pekanbaru","dog-walker","Pekanbaru","cari","/pet-sitter"
"cari dog walker manado","dog-walker","Manado","cari","/pet-sitter"
"biaya dog walker jakarta","dog-walker","Jakarta","biaya","/pet-sitter"
"biaya dog walker bogor","dog-walker","Bogor","biaya","/pet-sitter"
"biaya dog walker depok","dog-walker","Depok","biaya","/pet-sitter"
"biaya dog walker tangerang","dog-walker","Tangerang","biaya","/pet-sitter"
"biaya dog walker bekasi","dog-walker","Bekasi","biaya","/pet-sitter"
"biaya dog walker bandung","dog-walker","Bandung","biaya","/pet-sitter"
"biaya dog walker surabaya","dog-walker","Surabaya","biaya","/pet-sitter"
"biaya dog walker semarang","dog-walker","Semarang","biaya","/pet-sitter"
"biaya dog walker yogyakarta","dog-walker","Yogyakarta","biaya","/pet-sitter"
"biaya dog walker denpasar","dog-walker","Denpasar","biaya","/pet-sitter"
"biaya dog walker medan","dog-walker","Medan","biaya","/pet-sitter"
"biaya dog walker makassar","dog-walker","Makassar","biaya","/pet-sitter"
"biaya dog walker malang","dog-walker","Malang","biaya","/pet-sitter"
"biaya dog walker solo","dog-walker","Solo","biaya","/pet-sitter"
"biaya dog walker batam","dog-walker","Batam","biaya","/pet-sitter"
"biaya dog walker balikpapan","dog-walker","Balikpapan","biaya","/pet-sitter"
"biaya dog walker samarinda","dog-walker","Samarinda","biaya","/pet-sitter"
"biaya dog walker palembang","dog-walker","Palembang","biaya","/pet-sitter"
"biaya dog walker pekanbaru","dog-walker","Pekanbaru","biaya","/pet-sitter"
"biaya dog walker manado","dog-walker","Manado","biaya","/pet-sitter"
"harga dog walker jakarta","dog-walker","Jakarta","harga","/pet-sitter"
"harga dog walker bogor","dog-walker","Bogor","harga","/pet-sitter"
"harga dog walker depok","dog-walker","Depok","harga","/pet-sitter"
"harga dog walker tangerang","dog-walker","Tangerang","harga","/pet-sitter"
"harga dog walker bekasi","dog-walker","Bekasi","harga","/pet-sitter"
"harga dog walker bandung","dog-walker","Bandung","harga","/pet-sitter"
"harga dog walker surabaya","dog-walker","Surabaya","harga","/pet-sitter"
"harga dog walker semarang","dog-walker","Semarang","harga","/pet-sitter"
"harga dog walker yogyakarta","dog-walker","Yogyakarta","harga","/pet-sitter"
"harga dog walker denpasar","dog-walker","Denpasar","harga","/pet-sitter"
"harga dog walker medan","dog-walker","Medan","harga","/pet-sitter"
"harga dog walker makassar","dog-walker","Makassar","harga","/pet-sitter"
"harga dog walker malang","dog-walker","Malang","harga","/pet-sitter"
"harga dog walker solo","dog-walker","Solo","harga","/pet-sitter"
"harga dog walker batam","dog-walker","Batam","harga","/pet-sitter"
"harga dog walker balikpapan","dog-walker","Balikpapan","harga","/pet-sitter"
"harga dog walker samarinda","dog-walker","Samarinda","harga","/pet-sitter"
"harga dog walker palembang","dog-walker","Palembang","harga","/pet-sitter"
"harga dog walker pekanbaru","dog-walker","Pekanbaru","harga","/pet-sitter"
"harga dog walker manado","dog-walker","Manado","harga","/pet-sitter"
"layanan dog walker jakarta","dog-walker","Jakarta","layanan","/pet-sitter"
"layanan dog walker bogor","dog-walker","Bogor","layanan","/pet-sitter"
"layanan dog walker depok","dog-walker","Depok","layanan","/pet-sitter"
"layanan dog walker tangerang","dog-walker","Tangerang","layanan","/pet-sitter"
"layanan dog walker bekasi","dog-walker","Bekasi","layanan","/pet-sitter"
"layanan dog walker bandung","dog-walker","Bandung","layanan","/pet-sitter"
"layanan dog walker surabaya","dog-walker","Surabaya","layanan","/pet-sitter"
"layanan dog walker semarang","dog-walker","Semarang","layanan","/pet-sitter"
"layanan dog walker yogyakarta","dog-walker","Yogyakarta","layanan","/pet-sitter"
"layanan dog walker denpasar","dog-walker","Denpasar","layanan","/pet-sitter"
"layanan dog walker medan","dog-walker","Medan","layanan","/pet-sitter"
"layanan dog walker makassar","dog-walker","Makassar","layanan","/pet-sitter"
"layanan dog walker malang","dog-walker","Malang","layanan","/pet-sitter"
"layanan dog walker solo","dog-walker","Solo","layanan","/pet-sitter"
"layanan dog walker batam","dog-walker","Batam","layanan","/pet-sitter"
"layanan dog walker balikpapan","dog-walker","Balikpapan","layanan","/pet-sitter"
"layanan dog walker samarinda","dog-walker","Samarinda","layanan","/pet-sitter"
"layanan dog walker palembang","dog-walker","Palembang","layanan","/pet-sitter"
"layanan dog walker pekanbaru","dog-walker","Pekanbaru","layanan","/pet-sitter"
"layanan dog walker manado","dog-walker","Manado","layanan","/pet-sitter"
"tips memilih dog walker jakarta","dog-walker","Jakarta","tips memilih","/pet-sitter"
"tips memilih dog walker bogor","dog-walker","Bogor","tips memilih","/pet-sitter"
"tips memilih dog walker depok","dog-walker","Depok","tips memilih","/pet-sitter"
"tips memilih dog walker tangerang","dog-walker","Tangerang","tips memilih","/pet-sitter"
"tips memilih dog walker bekasi","dog-walker","Bekasi","tips memilih","/pet-sitter"
"tips memilih dog walker bandung","dog-walker","Bandung","tips memilih","/pet-sitter"
"tips memilih dog walker surabaya","dog-walker","Surabaya","tips memilih","/pet-sitter"
"tips memilih dog walker semarang","dog-walker","Semarang","tips memilih","/pet-sitter"
"tips memilih dog walker yogyakarta","dog-walker","Yogyakarta","tips memilih","/pet-sitter"
"tips memilih dog walker denpasar","dog-walker","Denpasar","tips memilih","/pet-sitter"
"tips memilih dog walker medan","dog-walker","Medan","tips memilih","/pet-sitter"
"tips memilih dog walker makassar","dog-walker","Makassar","tips memilih","/pet-sitter"
"tips memilih dog walker malang","dog-walker","Malang","tips memilih","/pet-sitter"
"tips memilih dog walker solo","dog-walker","Solo","tips memilih","/pet-sitter"
"tips memilih dog walker batam","dog-walker","Batam","tips memilih","/pet-sitter"
"tips memilih dog walker balikpapan","dog-walker","Balikpapan","tips memilih","/pet-sitter"
"tips memilih dog walker samarinda","dog-walker","Samarinda","tips memilih","/pet-sitter"
"tips memilih dog walker palembang","dog-walker","Palembang","tips memilih","/pet-sitter"
"tips memilih dog walker pekanbaru","dog-walker","Pekanbaru","tips memilih","/pet-sitter"
"tips memilih dog walker manado","dog-walker","Manado","tips memilih","/pet-sitter"
"persiapan menggunakan dog walker jakarta","dog-walker","Jakarta","persiapan menggunakan","/pet-sitter"
"persiapan menggunakan dog walker bogor","dog-walker","Bogor","persiapan menggunakan","/pet-sitter"
"persiapan menggunakan dog walker depok","dog-walker","Depok","persiapan menggunakan","/pet-sitter"
"persiapan menggunakan dog walker tangerang","dog-walker","Tangerang","persiapan menggunakan","/pet-sitter"
"persiapan menggunakan dog walker bekasi","dog-walker","Bekasi","persiapan menggunakan","/pet-sitter"
"persiapan menggunakan dog walker bandung","dog-walker","Bandung","persiapan menggunakan","/pet-sitter"
"persiapan menggunakan dog walker surabaya","dog-walker","Surabaya","persiapan menggunakan","/pet-sitter"
"persiapan menggunakan dog walker semarang","dog-walker","Semarang","persiapan menggunakan","/pet-sitter"
"persiapan menggunakan dog walker yogyakarta","dog-walker","Yogyakarta","persiapan menggunakan","/pet-sitter"
"persiapan menggunakan dog walker denpasar","dog-walker","Denpasar","persiapan menggunakan","/pet-sitter"
"persiapan menggunakan dog walker medan","dog-walker","Medan","persiapan menggunakan","/pet-sitter"
"persiapan menggunakan dog walker makassar","dog-walker","Makassar","persiapan menggunakan","/pet-sitter"
"persiapan menggunakan dog walker malang","dog-walker","Malang","persiapan menggunakan","/pet-sitter"
"persiapan menggunakan dog walker solo","dog-walker","Solo","persiapan menggunakan","/pet-sitter"
"persiapan menggunakan dog walker batam","dog-walker","Batam","persiapan menggunakan","/pet-sitter"
"persiapan menggunakan dog walker balikpapan","dog-walker","Balikpapan","persiapan menggunakan","/pet-sitter"
"persiapan menggunakan dog walker samarinda","dog-walker","Samarinda","persiapan menggunakan","/pet-sitter"
"persiapan menggunakan dog walker palembang","dog-walker","Palembang","persiapan menggunakan","/pet-sitter"
"persiapan menggunakan dog walker pekanbaru","dog-walker","Pekanbaru","persiapan menggunakan","/pet-sitter"
"persiapan menggunakan dog walker manado","dog-walker","Manado","persiapan menggunakan","/pet-sitter"
"panduan dog walker jakarta","dog-walker","Jakarta","panduan","/pet-sitter"
"panduan dog walker bogor","dog-walker","Bogor","panduan","/pet-sitter"
"panduan dog walker depok","dog-walker","Depok","panduan","/pet-sitter"
"panduan dog walker tangerang","dog-walker","Tangerang","panduan","/pet-sitter"
"panduan dog walker bekasi","dog-walker","Bekasi","panduan","/pet-sitter"
"panduan dog walker bandung","dog-walker","Bandung","panduan","/pet-sitter"
"panduan dog walker surabaya","dog-walker","Surabaya","panduan","/pet-sitter"
"panduan dog walker semarang","dog-walker","Semarang","panduan","/pet-sitter"
"panduan dog walker yogyakarta","dog-walker","Yogyakarta","panduan","/pet-sitter"
"panduan dog walker denpasar","dog-walker","Denpasar","panduan","/pet-sitter"
"panduan dog walker medan","dog-walker","Medan","panduan","/pet-sitter"
"panduan dog walker makassar","dog-walker","Makassar","panduan","/pet-sitter"
"panduan dog walker malang","dog-walker","Malang","panduan","/pet-sitter"
"panduan dog walker solo","dog-walker","Solo","panduan","/pet-sitter"
"panduan dog walker batam","dog-walker","Batam","panduan","/pet-sitter"
"panduan dog walker balikpapan","dog-walker","Balikpapan","panduan","/pet-sitter"
"panduan dog walker samarinda","dog-walker","Samarinda","panduan","/pet-sitter"
"panduan dog walker palembang","dog-walker","Palembang","panduan","/pet-sitter"
"panduan dog walker pekanbaru","dog-walker","Pekanbaru","panduan","/pet-sitter"
"panduan dog walker manado","dog-walker","Manado","panduan","/pet-sitter"
"lowongan part time dog walker jakarta","dog-walker","Jakarta","lowongan part time","/career/dog-walker"
"lowongan part time dog walker bogor","dog-walker","Bogor","lowongan part time","/career/dog-walker"
"lowongan part time dog walker depok","dog-walker","Depok","lowongan part time","/career/dog-walker"
"lowongan part time dog walker tangerang","dog-walker","Tangerang","lowongan part time","/career/dog-walker"
"lowongan part time dog walker bekasi","dog-walker","Bekasi","lowongan part time","/career/dog-walker"
"lowongan part time dog walker bandung","dog-walker","Bandung","lowongan part time","/career/dog-walker"
"lowongan part time dog walker surabaya","dog-walker","Surabaya","lowongan part time","/career/dog-walker"
"lowongan part time dog walker semarang","dog-walker","Semarang","lowongan part time","/career/dog-walker"
"lowongan part time dog walker yogyakarta","dog-walker","Yogyakarta","lowongan part time","/career/dog-walker"
"lowongan part time dog walker denpasar","dog-walker","Denpasar","lowongan part time","/career/dog-walker"
"lowongan part time dog walker medan","dog-walker","Medan","lowongan part time","/career/dog-walker"
"lowongan part time dog walker makassar","dog-walker","Makassar","lowongan part time","/career/dog-walker"
"lowongan part time dog walker malang","dog-walker","Malang","lowongan part time","/career/dog-walker"
"lowongan part time dog walker solo","dog-walker","Solo","lowongan part time","/career/dog-walker"
"lowongan part time dog walker batam","dog-walker","Batam","lowongan part time","/career/dog-walker"
"lowongan part time dog walker balikpapan","dog-walker","Balikpapan","lowongan part time","/career/dog-walker"
"lowongan part time dog walker samarinda","dog-walker","Samarinda","lowongan part time","/career/dog-walker"
"lowongan part time dog walker palembang","dog-walker","Palembang","lowongan part time","/career/dog-walker"
"lowongan part time dog walker pekanbaru","dog-walker","Pekanbaru","lowongan part time","/career/dog-walker"
"lowongan part time dog walker manado","dog-walker","Manado","lowongan part time","/career/dog-walker"
"freelance dog walker jakarta","dog-walker","Jakarta","freelance","/career/dog-walker"
"freelance dog walker bogor","dog-walker","Bogor","freelance","/career/dog-walker"
"freelance dog walker depok","dog-walker","Depok","freelance","/career/dog-walker"
"freelance dog walker tangerang","dog-walker","Tangerang","freelance","/career/dog-walker"
"freelance dog walker bekasi","dog-walker","Bekasi","freelance","/career/dog-walker"
"freelance dog walker bandung","dog-walker","Bandung","freelance","/career/dog-walker"
"freelance dog walker surabaya","dog-walker","Surabaya","freelance","/career/dog-walker"
"freelance dog walker semarang","dog-walker","Semarang","freelance","/career/dog-walker"
"freelance dog walker yogyakarta","dog-walker","Yogyakarta","freelance","/career/dog-walker"
"freelance dog walker denpasar","dog-walker","Denpasar","freelance","/career/dog-walker"
"freelance dog walker medan","dog-walker","Medan","freelance","/career/dog-walker"
"freelance dog walker makassar","dog-walker","Makassar","freelance","/career/dog-walker"
"freelance dog walker malang","dog-walker","Malang","freelance","/career/dog-walker"
"freelance dog walker solo","dog-walker","Solo","freelance","/career/dog-walker"
"freelance dog walker batam","dog-walker","Batam","freelance","/career/dog-walker"
"freelance dog walker balikpapan","dog-walker","Balikpapan","freelance","/career/dog-walker"
"freelance dog walker samarinda","dog-walker","Samarinda","freelance","/career/dog-walker"
"freelance dog walker palembang","dog-walker","Palembang","freelance","/career/dog-walker"
"freelance dog walker pekanbaru","dog-walker","Pekanbaru","freelance","/career/dog-walker"
"freelance dog walker manado","dog-walker","Manado","freelance","/career/dog-walker"
"jasa dokter hewan jakarta","veterinarian","Jakarta","jasa","/layanan/klinik-hewan"
"jasa dokter hewan bogor","veterinarian","Bogor","jasa","/layanan/klinik-hewan"
"jasa dokter hewan depok","veterinarian","Depok","jasa","/layanan/klinik-hewan"
"jasa dokter hewan tangerang","veterinarian","Tangerang","jasa","/layanan/klinik-hewan"
"jasa dokter hewan bekasi","veterinarian","Bekasi","jasa","/layanan/klinik-hewan"
"jasa dokter hewan bandung","veterinarian","Bandung","jasa","/layanan/klinik-hewan"
"jasa dokter hewan surabaya","veterinarian","Surabaya","jasa","/layanan/klinik-hewan"
"jasa dokter hewan semarang","veterinarian","Semarang","jasa","/layanan/klinik-hewan"
"jasa dokter hewan yogyakarta","veterinarian","Yogyakarta","jasa","/layanan/klinik-hewan"
"jasa dokter hewan denpasar","veterinarian","Denpasar","jasa","/layanan/klinik-hewan"
"jasa dokter hewan medan","veterinarian","Medan","jasa","/layanan/klinik-hewan"
"jasa dokter hewan makassar","veterinarian","Makassar","jasa","/layanan/klinik-hewan"
"jasa dokter hewan malang","veterinarian","Malang","jasa","/layanan/klinik-hewan"
"jasa dokter hewan solo","veterinarian","Solo","jasa","/layanan/klinik-hewan"
"jasa dokter hewan batam","veterinarian","Batam","jasa","/layanan/klinik-hewan"
"jasa dokter hewan balikpapan","veterinarian","Balikpapan","jasa","/layanan/klinik-hewan"
"jasa dokter hewan samarinda","veterinarian","Samarinda","jasa","/layanan/klinik-hewan"
"jasa dokter hewan palembang","veterinarian","Palembang","jasa","/layanan/klinik-hewan"
"jasa dokter hewan pekanbaru","veterinarian","Pekanbaru","jasa","/layanan/klinik-hewan"
"jasa dokter hewan manado","veterinarian","Manado","jasa","/layanan/klinik-hewan"
"cari dokter hewan jakarta","veterinarian","Jakarta","cari","/layanan/klinik-hewan"
"cari dokter hewan bogor","veterinarian","Bogor","cari","/layanan/klinik-hewan"
"cari dokter hewan depok","veterinarian","Depok","cari","/layanan/klinik-hewan"
"cari dokter hewan tangerang","veterinarian","Tangerang","cari","/layanan/klinik-hewan"
"cari dokter hewan bekasi","veterinarian","Bekasi","cari","/layanan/klinik-hewan"
"cari dokter hewan bandung","veterinarian","Bandung","cari","/layanan/klinik-hewan"
"cari dokter hewan surabaya","veterinarian","Surabaya","cari","/layanan/klinik-hewan"
"cari dokter hewan semarang","veterinarian","Semarang","cari","/layanan/klinik-hewan"
"cari dokter hewan yogyakarta","veterinarian","Yogyakarta","cari","/layanan/klinik-hewan"
"cari dokter hewan denpasar","veterinarian","Denpasar","cari","/layanan/klinik-hewan"
"cari dokter hewan medan","veterinarian","Medan","cari","/layanan/klinik-hewan"
"cari dokter hewan makassar","veterinarian","Makassar","cari","/layanan/klinik-hewan"
"cari dokter hewan malang","veterinarian","Malang","cari","/layanan/klinik-hewan"
"cari dokter hewan solo","veterinarian","Solo","cari","/layanan/klinik-hewan"
"cari dokter hewan batam","veterinarian","Batam","cari","/layanan/klinik-hewan"
"cari dokter hewan balikpapan","veterinarian","Balikpapan","cari","/layanan/klinik-hewan"
"cari dokter hewan samarinda","veterinarian","Samarinda","cari","/layanan/klinik-hewan"
"cari dokter hewan palembang","veterinarian","Palembang","cari","/layanan/klinik-hewan"
"cari dokter hewan pekanbaru","veterinarian","Pekanbaru","cari","/layanan/klinik-hewan"
"cari dokter hewan manado","veterinarian","Manado","cari","/layanan/klinik-hewan"
"biaya dokter hewan jakarta","veterinarian","Jakarta","biaya","/layanan/klinik-hewan"
"biaya dokter hewan bogor","veterinarian","Bogor","biaya","/layanan/klinik-hewan"
"biaya dokter hewan depok","veterinarian","Depok","biaya","/layanan/klinik-hewan"
"biaya dokter hewan tangerang","veterinarian","Tangerang","biaya","/layanan/klinik-hewan"
"biaya dokter hewan bekasi","veterinarian","Bekasi","biaya","/layanan/klinik-hewan"
"biaya dokter hewan bandung","veterinarian","Bandung","biaya","/layanan/klinik-hewan"
"biaya dokter hewan surabaya","veterinarian","Surabaya","biaya","/layanan/klinik-hewan"
"biaya dokter hewan semarang","veterinarian","Semarang","biaya","/layanan/klinik-hewan"
"biaya dokter hewan yogyakarta","veterinarian","Yogyakarta","biaya","/layanan/klinik-hewan"
"biaya dokter hewan denpasar","veterinarian","Denpasar","biaya","/layanan/klinik-hewan"
"biaya dokter hewan medan","veterinarian","Medan","biaya","/layanan/klinik-hewan"
"biaya dokter hewan makassar","veterinarian","Makassar","biaya","/layanan/klinik-hewan"
"biaya dokter hewan malang","veterinarian","Malang","biaya","/layanan/klinik-hewan"
"biaya dokter hewan solo","veterinarian","Solo","biaya","/layanan/klinik-hewan"
"biaya dokter hewan batam","veterinarian","Batam","biaya","/layanan/klinik-hewan"
"biaya dokter hewan balikpapan","veterinarian","Balikpapan","biaya","/layanan/klinik-hewan"
"biaya dokter hewan samarinda","veterinarian","Samarinda","biaya","/layanan/klinik-hewan"
"biaya dokter hewan palembang","veterinarian","Palembang","biaya","/layanan/klinik-hewan"
"biaya dokter hewan pekanbaru","veterinarian","Pekanbaru","biaya","/layanan/klinik-hewan"
"biaya dokter hewan manado","veterinarian","Manado","biaya","/layanan/klinik-hewan"
"harga dokter hewan jakarta","veterinarian","Jakarta","harga","/layanan/klinik-hewan"
"harga dokter hewan bogor","veterinarian","Bogor","harga","/layanan/klinik-hewan"
"harga dokter hewan depok","veterinarian","Depok","harga","/layanan/klinik-hewan"
"harga dokter hewan tangerang","veterinarian","Tangerang","harga","/layanan/klinik-hewan"
"harga dokter hewan bekasi","veterinarian","Bekasi","harga","/layanan/klinik-hewan"
"harga dokter hewan bandung","veterinarian","Bandung","harga","/layanan/klinik-hewan"
"harga dokter hewan surabaya","veterinarian","Surabaya","harga","/layanan/klinik-hewan"
"harga dokter hewan semarang","veterinarian","Semarang","harga","/layanan/klinik-hewan"
"harga dokter hewan yogyakarta","veterinarian","Yogyakarta","harga","/layanan/klinik-hewan"
"harga dokter hewan denpasar","veterinarian","Denpasar","harga","/layanan/klinik-hewan"
"harga dokter hewan medan","veterinarian","Medan","harga","/layanan/klinik-hewan"
"harga dokter hewan makassar","veterinarian","Makassar","harga","/layanan/klinik-hewan"
"harga dokter hewan malang","veterinarian","Malang","harga","/layanan/klinik-hewan"
"harga dokter hewan solo","veterinarian","Solo","harga","/layanan/klinik-hewan"
"harga dokter hewan batam","veterinarian","Batam","harga","/layanan/klinik-hewan"
"harga dokter hewan balikpapan","veterinarian","Balikpapan","harga","/layanan/klinik-hewan"
"harga dokter hewan samarinda","veterinarian","Samarinda","harga","/layanan/klinik-hewan"
"harga dokter hewan palembang","veterinarian","Palembang","harga","/layanan/klinik-hewan"
"harga dokter hewan pekanbaru","veterinarian","Pekanbaru","harga","/layanan/klinik-hewan"
"harga dokter hewan manado","veterinarian","Manado","harga","/layanan/klinik-hewan"
"layanan dokter hewan jakarta","veterinarian","Jakarta","layanan","/layanan/klinik-hewan"
"layanan dokter hewan bogor","veterinarian","Bogor","layanan","/layanan/klinik-hewan"
"layanan dokter hewan depok","veterinarian","Depok","layanan","/layanan/klinik-hewan"
"layanan dokter hewan tangerang","veterinarian","Tangerang","layanan","/layanan/klinik-hewan"
"layanan dokter hewan bekasi","veterinarian","Bekasi","layanan","/layanan/klinik-hewan"
"layanan dokter hewan bandung","veterinarian","Bandung","layanan","/layanan/klinik-hewan"
"layanan dokter hewan surabaya","veterinarian","Surabaya","layanan","/layanan/klinik-hewan"
"layanan dokter hewan semarang","veterinarian","Semarang","layanan","/layanan/klinik-hewan"
"layanan dokter hewan yogyakarta","veterinarian","Yogyakarta","layanan","/layanan/klinik-hewan"
"layanan dokter hewan denpasar","veterinarian","Denpasar","layanan","/layanan/klinik-hewan"
"layanan dokter hewan medan","veterinarian","Medan","layanan","/layanan/klinik-hewan"
"layanan dokter hewan makassar","veterinarian","Makassar","layanan","/layanan/klinik-hewan"
"layanan dokter hewan malang","veterinarian","Malang","layanan","/layanan/klinik-hewan"
"layanan dokter hewan solo","veterinarian","Solo","layanan","/layanan/klinik-hewan"
"layanan dokter hewan batam","veterinarian","Batam","layanan","/layanan/klinik-hewan"
"layanan dokter hewan balikpapan","veterinarian","Balikpapan","layanan","/layanan/klinik-hewan"
"layanan dokter hewan samarinda","veterinarian","Samarinda","layanan","/layanan/klinik-hewan"
"layanan dokter hewan palembang","veterinarian","Palembang","layanan","/layanan/klinik-hewan"
"layanan dokter hewan pekanbaru","veterinarian","Pekanbaru","layanan","/layanan/klinik-hewan"
"layanan dokter hewan manado","veterinarian","Manado","layanan","/layanan/klinik-hewan"
"tips memilih dokter hewan jakarta","veterinarian","Jakarta","tips memilih","/layanan/klinik-hewan"
"tips memilih dokter hewan bogor","veterinarian","Bogor","tips memilih","/layanan/klinik-hewan"
"tips memilih dokter hewan depok","veterinarian","Depok","tips memilih","/layanan/klinik-hewan"
"tips memilih dokter hewan tangerang","veterinarian","Tangerang","tips memilih","/layanan/klinik-hewan"
"tips memilih dokter hewan bekasi","veterinarian","Bekasi","tips memilih","/layanan/klinik-hewan"
"tips memilih dokter hewan bandung","veterinarian","Bandung","tips memilih","/layanan/klinik-hewan"
"tips memilih dokter hewan surabaya","veterinarian","Surabaya","tips memilih","/layanan/klinik-hewan"
"tips memilih dokter hewan semarang","veterinarian","Semarang","tips memilih","/layanan/klinik-hewan"
"tips memilih dokter hewan yogyakarta","veterinarian","Yogyakarta","tips memilih","/layanan/klinik-hewan"
"tips memilih dokter hewan denpasar","veterinarian","Denpasar","tips memilih","/layanan/klinik-hewan"
"tips memilih dokter hewan medan","veterinarian","Medan","tips memilih","/layanan/klinik-hewan"
"tips memilih dokter hewan makassar","veterinarian","Makassar","tips memilih","/layanan/klinik-hewan"
"tips memilih dokter hewan malang","veterinarian","Malang","tips memilih","/layanan/klinik-hewan"
"tips memilih dokter hewan solo","veterinarian","Solo","tips memilih","/layanan/klinik-hewan"
"tips memilih dokter hewan batam","veterinarian","Batam","tips memilih","/layanan/klinik-hewan"
"tips memilih dokter hewan balikpapan","veterinarian","Balikpapan","tips memilih","/layanan/klinik-hewan"
"tips memilih dokter hewan samarinda","veterinarian","Samarinda","tips memilih","/layanan/klinik-hewan"
"tips memilih dokter hewan palembang","veterinarian","Palembang","tips memilih","/layanan/klinik-hewan"
"tips memilih dokter hewan pekanbaru","veterinarian","Pekanbaru","tips memilih","/layanan/klinik-hewan"
"tips memilih dokter hewan manado","veterinarian","Manado","tips memilih","/layanan/klinik-hewan"
"persiapan menggunakan dokter hewan jakarta","veterinarian","Jakarta","persiapan menggunakan","/layanan/klinik-hewan"
"persiapan menggunakan dokter hewan bogor","veterinarian","Bogor","persiapan menggunakan","/layanan/klinik-hewan"
"persiapan menggunakan dokter hewan depok","veterinarian","Depok","persiapan menggunakan","/layanan/klinik-hewan"
"persiapan menggunakan dokter hewan tangerang","veterinarian","Tangerang","persiapan menggunakan","/layanan/klinik-hewan"
"persiapan menggunakan dokter hewan bekasi","veterinarian","Bekasi","persiapan menggunakan","/layanan/klinik-hewan"
"persiapan menggunakan dokter hewan bandung","veterinarian","Bandung","persiapan menggunakan","/layanan/klinik-hewan"
"persiapan menggunakan dokter hewan surabaya","veterinarian","Surabaya","persiapan menggunakan","/layanan/klinik-hewan"
"persiapan menggunakan dokter hewan semarang","veterinarian","Semarang","persiapan menggunakan","/layanan/klinik-hewan"
"persiapan menggunakan dokter hewan yogyakarta","veterinarian","Yogyakarta","persiapan menggunakan","/layanan/klinik-hewan"
"persiapan menggunakan dokter hewan denpasar","veterinarian","Denpasar","persiapan menggunakan","/layanan/klinik-hewan"
"persiapan menggunakan dokter hewan medan","veterinarian","Medan","persiapan menggunakan","/layanan/klinik-hewan"
"persiapan menggunakan dokter hewan makassar","veterinarian","Makassar","persiapan menggunakan","/layanan/klinik-hewan"
"persiapan menggunakan dokter hewan malang","veterinarian","Malang","persiapan menggunakan","/layanan/klinik-hewan"
"persiapan menggunakan dokter hewan solo","veterinarian","Solo","persiapan menggunakan","/layanan/klinik-hewan"
"persiapan menggunakan dokter hewan batam","veterinarian","Batam","persiapan menggunakan","/layanan/klinik-hewan"
"persiapan menggunakan dokter hewan balikpapan","veterinarian","Balikpapan","persiapan menggunakan","/layanan/klinik-hewan"
"persiapan menggunakan dokter hewan samarinda","veterinarian","Samarinda","persiapan menggunakan","/layanan/klinik-hewan"
"persiapan menggunakan dokter hewan palembang","veterinarian","Palembang","persiapan menggunakan","/layanan/klinik-hewan"
"persiapan menggunakan dokter hewan pekanbaru","veterinarian","Pekanbaru","persiapan menggunakan","/layanan/klinik-hewan"
"persiapan menggunakan dokter hewan manado","veterinarian","Manado","persiapan menggunakan","/layanan/klinik-hewan"
"panduan dokter hewan jakarta","veterinarian","Jakarta","panduan","/layanan/klinik-hewan"
"panduan dokter hewan bogor","veterinarian","Bogor","panduan","/layanan/klinik-hewan"
"panduan dokter hewan depok","veterinarian","Depok","panduan","/layanan/klinik-hewan"
"panduan dokter hewan tangerang","veterinarian","Tangerang","panduan","/layanan/klinik-hewan"
"panduan dokter hewan bekasi","veterinarian","Bekasi","panduan","/layanan/klinik-hewan"
"panduan dokter hewan bandung","veterinarian","Bandung","panduan","/layanan/klinik-hewan"
"panduan dokter hewan surabaya","veterinarian","Surabaya","panduan","/layanan/klinik-hewan"
"panduan dokter hewan semarang","veterinarian","Semarang","panduan","/layanan/klinik-hewan"
"panduan dokter hewan yogyakarta","veterinarian","Yogyakarta","panduan","/layanan/klinik-hewan"
"panduan dokter hewan denpasar","veterinarian","Denpasar","panduan","/layanan/klinik-hewan"
"panduan dokter hewan medan","veterinarian","Medan","panduan","/layanan/klinik-hewan"
"panduan dokter hewan makassar","veterinarian","Makassar","panduan","/layanan/klinik-hewan"
"panduan dokter hewan malang","veterinarian","Malang","panduan","/layanan/klinik-hewan"
"panduan dokter hewan solo","veterinarian","Solo","panduan","/layanan/klinik-hewan"
"panduan dokter hewan batam","veterinarian","Batam","panduan","/layanan/klinik-hewan"
"panduan dokter hewan balikpapan","veterinarian","Balikpapan","panduan","/layanan/klinik-hewan"
"panduan dokter hewan samarinda","veterinarian","Samarinda","panduan","/layanan/klinik-hewan"
"panduan dokter hewan palembang","veterinarian","Palembang","panduan","/layanan/klinik-hewan"
"panduan dokter hewan pekanbaru","veterinarian","Pekanbaru","panduan","/layanan/klinik-hewan"
"panduan dokter hewan manado","veterinarian","Manado","panduan","/layanan/klinik-hewan"
"lowongan part time dokter hewan jakarta","veterinarian","Jakarta","lowongan part time","/career/veterinarian-services"
"lowongan part time dokter hewan bogor","veterinarian","Bogor","lowongan part time","/career/veterinarian-services"
"lowongan part time dokter hewan depok","veterinarian","Depok","lowongan part time","/career/veterinarian-services"
"lowongan part time dokter hewan tangerang","veterinarian","Tangerang","lowongan part time","/career/veterinarian-services"
"lowongan part time dokter hewan bekasi","veterinarian","Bekasi","lowongan part time","/career/veterinarian-services"
"lowongan part time dokter hewan bandung","veterinarian","Bandung","lowongan part time","/career/veterinarian-services"
"lowongan part time dokter hewan surabaya","veterinarian","Surabaya","lowongan part time","/career/veterinarian-services"
"lowongan part time dokter hewan semarang","veterinarian","Semarang","lowongan part time","/career/veterinarian-services"
"lowongan part time dokter hewan yogyakarta","veterinarian","Yogyakarta","lowongan part time","/career/veterinarian-services"
"lowongan part time dokter hewan denpasar","veterinarian","Denpasar","lowongan part time","/career/veterinarian-services"
"lowongan part time dokter hewan medan","veterinarian","Medan","lowongan part time","/career/veterinarian-services"
"lowongan part time dokter hewan makassar","veterinarian","Makassar","lowongan part time","/career/veterinarian-services"
"lowongan part time dokter hewan malang","veterinarian","Malang","lowongan part time","/career/veterinarian-services"
"lowongan part time dokter hewan solo","veterinarian","Solo","lowongan part time","/career/veterinarian-services"
"lowongan part time dokter hewan batam","veterinarian","Batam","lowongan part time","/career/veterinarian-services"
"lowongan part time dokter hewan balikpapan","veterinarian","Balikpapan","lowongan part time","/career/veterinarian-services"
"lowongan part time dokter hewan samarinda","veterinarian","Samarinda","lowongan part time","/career/veterinarian-services"
"lowongan part time dokter hewan palembang","veterinarian","Palembang","lowongan part time","/career/veterinarian-services"
"lowongan part time dokter hewan pekanbaru","veterinarian","Pekanbaru","lowongan part time","/career/veterinarian-services"
"lowongan part time dokter hewan manado","veterinarian","Manado","lowongan part time","/career/veterinarian-services"
"freelance dokter hewan jakarta","veterinarian","Jakarta","freelance","/career/veterinarian-services"
"freelance dokter hewan bogor","veterinarian","Bogor","freelance","/career/veterinarian-services"
"freelance dokter hewan depok","veterinarian","Depok","freelance","/career/veterinarian-services"
"freelance dokter hewan tangerang","veterinarian","Tangerang","freelance","/career/veterinarian-services"
"freelance dokter hewan bekasi","veterinarian","Bekasi","freelance","/career/veterinarian-services"
"freelance dokter hewan bandung","veterinarian","Bandung","freelance","/career/veterinarian-services"
"freelance dokter hewan surabaya","veterinarian","Surabaya","freelance","/career/veterinarian-services"
"freelance dokter hewan semarang","veterinarian","Semarang","freelance","/career/veterinarian-services"
"freelance dokter hewan yogyakarta","veterinarian","Yogyakarta","freelance","/career/veterinarian-services"
"freelance dokter hewan denpasar","veterinarian","Denpasar","freelance","/career/veterinarian-services"
"freelance dokter hewan medan","veterinarian","Medan","freelance","/career/veterinarian-services"
"freelance dokter hewan makassar","veterinarian","Makassar","freelance","/career/veterinarian-services"
"freelance dokter hewan malang","veterinarian","Malang","freelance","/career/veterinarian-services"
"freelance dokter hewan solo","veterinarian","Solo","freelance","/career/veterinarian-services"
"freelance dokter hewan batam","veterinarian","Batam","freelance","/career/veterinarian-services"
"freelance dokter hewan balikpapan","veterinarian","Balikpapan","freelance","/career/veterinarian-services"
"freelance dokter hewan samarinda","veterinarian","Samarinda","freelance","/career/veterinarian-services"
"freelance dokter hewan palembang","veterinarian","Palembang","freelance","/career/veterinarian-services"
"freelance dokter hewan pekanbaru","veterinarian","Pekanbaru","freelance","/career/veterinarian-services"
"freelance dokter hewan manado","veterinarian","Manado","freelance","/career/veterinarian-services"
"jasa pet hotel jakarta","pet-hotel","Jakarta","jasa","/layanan/pet-hotel"
"jasa pet hotel bogor","pet-hotel","Bogor","jasa","/layanan/pet-hotel"
"jasa pet hotel depok","pet-hotel","Depok","jasa","/layanan/pet-hotel"
"jasa pet hotel tangerang","pet-hotel","Tangerang","jasa","/layanan/pet-hotel"
"jasa pet hotel bekasi","pet-hotel","Bekasi","jasa","/layanan/pet-hotel"
"jasa pet hotel bandung","pet-hotel","Bandung","jasa","/layanan/pet-hotel"
"jasa pet hotel surabaya","pet-hotel","Surabaya","jasa","/layanan/pet-hotel"
"jasa pet hotel semarang","pet-hotel","Semarang","jasa","/layanan/pet-hotel"
"jasa pet hotel yogyakarta","pet-hotel","Yogyakarta","jasa","/layanan/pet-hotel"
"jasa pet hotel denpasar","pet-hotel","Denpasar","jasa","/layanan/pet-hotel"
"jasa pet hotel medan","pet-hotel","Medan","jasa","/layanan/pet-hotel"
"jasa pet hotel makassar","pet-hotel","Makassar","jasa","/layanan/pet-hotel"
"jasa pet hotel malang","pet-hotel","Malang","jasa","/layanan/pet-hotel"
"jasa pet hotel solo","pet-hotel","Solo","jasa","/layanan/pet-hotel"
"jasa pet hotel batam","pet-hotel","Batam","jasa","/layanan/pet-hotel"
"jasa pet hotel balikpapan","pet-hotel","Balikpapan","jasa","/layanan/pet-hotel"
"jasa pet hotel samarinda","pet-hotel","Samarinda","jasa","/layanan/pet-hotel"
"jasa pet hotel palembang","pet-hotel","Palembang","jasa","/layanan/pet-hotel"
"jasa pet hotel pekanbaru","pet-hotel","Pekanbaru","jasa","/layanan/pet-hotel"
"jasa pet hotel manado","pet-hotel","Manado","jasa","/layanan/pet-hotel"
"cari pet hotel jakarta","pet-hotel","Jakarta","cari","/layanan/pet-hotel"
"cari pet hotel bogor","pet-hotel","Bogor","cari","/layanan/pet-hotel"
"cari pet hotel depok","pet-hotel","Depok","cari","/layanan/pet-hotel"
"cari pet hotel tangerang","pet-hotel","Tangerang","cari","/layanan/pet-hotel"
"cari pet hotel bekasi","pet-hotel","Bekasi","cari","/layanan/pet-hotel"
"cari pet hotel bandung","pet-hotel","Bandung","cari","/layanan/pet-hotel"
"cari pet hotel surabaya","pet-hotel","Surabaya","cari","/layanan/pet-hotel"
"cari pet hotel semarang","pet-hotel","Semarang","cari","/layanan/pet-hotel"
"cari pet hotel yogyakarta","pet-hotel","Yogyakarta","cari","/layanan/pet-hotel"
"cari pet hotel denpasar","pet-hotel","Denpasar","cari","/layanan/pet-hotel"
"cari pet hotel medan","pet-hotel","Medan","cari","/layanan/pet-hotel"
"cari pet hotel makassar","pet-hotel","Makassar","cari","/layanan/pet-hotel"
"cari pet hotel malang","pet-hotel","Malang","cari","/layanan/pet-hotel"
"cari pet hotel solo","pet-hotel","Solo","cari","/layanan/pet-hotel"
"cari pet hotel batam","pet-hotel","Batam","cari","/layanan/pet-hotel"
"cari pet hotel balikpapan","pet-hotel","Balikpapan","cari","/layanan/pet-hotel"
"cari pet hotel samarinda","pet-hotel","Samarinda","cari","/layanan/pet-hotel"
"cari pet hotel palembang","pet-hotel","Palembang","cari","/layanan/pet-hotel"
"cari pet hotel pekanbaru","pet-hotel","Pekanbaru","cari","/layanan/pet-hotel"
"cari pet hotel manado","pet-hotel","Manado","cari","/layanan/pet-hotel"
"biaya pet hotel jakarta","pet-hotel","Jakarta","biaya","/layanan/pet-hotel"
"biaya pet hotel bogor","pet-hotel","Bogor","biaya","/layanan/pet-hotel"
"biaya pet hotel depok","pet-hotel","Depok","biaya","/layanan/pet-hotel"
"biaya pet hotel tangerang","pet-hotel","Tangerang","biaya","/layanan/pet-hotel"
"biaya pet hotel bekasi","pet-hotel","Bekasi","biaya","/layanan/pet-hotel"
"biaya pet hotel bandung","pet-hotel","Bandung","biaya","/layanan/pet-hotel"
"biaya pet hotel surabaya","pet-hotel","Surabaya","biaya","/layanan/pet-hotel"
"biaya pet hotel semarang","pet-hotel","Semarang","biaya","/layanan/pet-hotel"
"biaya pet hotel yogyakarta","pet-hotel","Yogyakarta","biaya","/layanan/pet-hotel"
"biaya pet hotel denpasar","pet-hotel","Denpasar","biaya","/layanan/pet-hotel"
"biaya pet hotel medan","pet-hotel","Medan","biaya","/layanan/pet-hotel"
"biaya pet hotel makassar","pet-hotel","Makassar","biaya","/layanan/pet-hotel"
"biaya pet hotel malang","pet-hotel","Malang","biaya","/layanan/pet-hotel"
"biaya pet hotel solo","pet-hotel","Solo","biaya","/layanan/pet-hotel"
"biaya pet hotel batam","pet-hotel","Batam","biaya","/layanan/pet-hotel"
"biaya pet hotel balikpapan","pet-hotel","Balikpapan","biaya","/layanan/pet-hotel"
"biaya pet hotel samarinda","pet-hotel","Samarinda","biaya","/layanan/pet-hotel"
"biaya pet hotel palembang","pet-hotel","Palembang","biaya","/layanan/pet-hotel"
"biaya pet hotel pekanbaru","pet-hotel","Pekanbaru","biaya","/layanan/pet-hotel"
"biaya pet hotel manado","pet-hotel","Manado","biaya","/layanan/pet-hotel"
"harga pet hotel jakarta","pet-hotel","Jakarta","harga","/layanan/pet-hotel"
"harga pet hotel bogor","pet-hotel","Bogor","harga","/layanan/pet-hotel"
"harga pet hotel depok","pet-hotel","Depok","harga","/layanan/pet-hotel"
"harga pet hotel tangerang","pet-hotel","Tangerang","harga","/layanan/pet-hotel"
"harga pet hotel bekasi","pet-hotel","Bekasi","harga","/layanan/pet-hotel"
"harga pet hotel bandung","pet-hotel","Bandung","harga","/layanan/pet-hotel"
"harga pet hotel surabaya","pet-hotel","Surabaya","harga","/layanan/pet-hotel"
"harga pet hotel semarang","pet-hotel","Semarang","harga","/layanan/pet-hotel"
"harga pet hotel yogyakarta","pet-hotel","Yogyakarta","harga","/layanan/pet-hotel"
"harga pet hotel denpasar","pet-hotel","Denpasar","harga","/layanan/pet-hotel"
"harga pet hotel medan","pet-hotel","Medan","harga","/layanan/pet-hotel"
"harga pet hotel makassar","pet-hotel","Makassar","harga","/layanan/pet-hotel"
"harga pet hotel malang","pet-hotel","Malang","harga","/layanan/pet-hotel"
"harga pet hotel solo","pet-hotel","Solo","harga","/layanan/pet-hotel"
"harga pet hotel batam","pet-hotel","Batam","harga","/layanan/pet-hotel"
"harga pet hotel balikpapan","pet-hotel","Balikpapan","harga","/layanan/pet-hotel"
"harga pet hotel samarinda","pet-hotel","Samarinda","harga","/layanan/pet-hotel"
"harga pet hotel palembang","pet-hotel","Palembang","harga","/layanan/pet-hotel"
"harga pet hotel pekanbaru","pet-hotel","Pekanbaru","harga","/layanan/pet-hotel"
"harga pet hotel manado","pet-hotel","Manado","harga","/layanan/pet-hotel"
"layanan pet hotel jakarta","pet-hotel","Jakarta","layanan","/layanan/pet-hotel"
"layanan pet hotel bogor","pet-hotel","Bogor","layanan","/layanan/pet-hotel"
"layanan pet hotel depok","pet-hotel","Depok","layanan","/layanan/pet-hotel"
"layanan pet hotel tangerang","pet-hotel","Tangerang","layanan","/layanan/pet-hotel"
"layanan pet hotel bekasi","pet-hotel","Bekasi","layanan","/layanan/pet-hotel"
"layanan pet hotel bandung","pet-hotel","Bandung","layanan","/layanan/pet-hotel"
"layanan pet hotel surabaya","pet-hotel","Surabaya","layanan","/layanan/pet-hotel"
"layanan pet hotel semarang","pet-hotel","Semarang","layanan","/layanan/pet-hotel"
"layanan pet hotel yogyakarta","pet-hotel","Yogyakarta","layanan","/layanan/pet-hotel"
"layanan pet hotel denpasar","pet-hotel","Denpasar","layanan","/layanan/pet-hotel"
"layanan pet hotel medan","pet-hotel","Medan","layanan","/layanan/pet-hotel"
"layanan pet hotel makassar","pet-hotel","Makassar","layanan","/layanan/pet-hotel"
"layanan pet hotel malang","pet-hotel","Malang","layanan","/layanan/pet-hotel"
"layanan pet hotel solo","pet-hotel","Solo","layanan","/layanan/pet-hotel"
"layanan pet hotel batam","pet-hotel","Batam","layanan","/layanan/pet-hotel"
"layanan pet hotel balikpapan","pet-hotel","Balikpapan","layanan","/layanan/pet-hotel"
"layanan pet hotel samarinda","pet-hotel","Samarinda","layanan","/layanan/pet-hotel"
"layanan pet hotel palembang","pet-hotel","Palembang","layanan","/layanan/pet-hotel"
"layanan pet hotel pekanbaru","pet-hotel","Pekanbaru","layanan","/layanan/pet-hotel"
"layanan pet hotel manado","pet-hotel","Manado","layanan","/layanan/pet-hotel"
"tips memilih pet hotel jakarta","pet-hotel","Jakarta","tips memilih","/layanan/pet-hotel"
"tips memilih pet hotel bogor","pet-hotel","Bogor","tips memilih","/layanan/pet-hotel"
"tips memilih pet hotel depok","pet-hotel","Depok","tips memilih","/layanan/pet-hotel"
"tips memilih pet hotel tangerang","pet-hotel","Tangerang","tips memilih","/layanan/pet-hotel"
"tips memilih pet hotel bekasi","pet-hotel","Bekasi","tips memilih","/layanan/pet-hotel"
"tips memilih pet hotel bandung","pet-hotel","Bandung","tips memilih","/layanan/pet-hotel"
"tips memilih pet hotel surabaya","pet-hotel","Surabaya","tips memilih","/layanan/pet-hotel"
"tips memilih pet hotel semarang","pet-hotel","Semarang","tips memilih","/layanan/pet-hotel"
"tips memilih pet hotel yogyakarta","pet-hotel","Yogyakarta","tips memilih","/layanan/pet-hotel"
"tips memilih pet hotel denpasar","pet-hotel","Denpasar","tips memilih","/layanan/pet-hotel"
"tips memilih pet hotel medan","pet-hotel","Medan","tips memilih","/layanan/pet-hotel"
"tips memilih pet hotel makassar","pet-hotel","Makassar","tips memilih","/layanan/pet-hotel"
"tips memilih pet hotel malang","pet-hotel","Malang","tips memilih","/layanan/pet-hotel"
"tips memilih pet hotel solo","pet-hotel","Solo","tips memilih","/layanan/pet-hotel"
"tips memilih pet hotel batam","pet-hotel","Batam","tips memilih","/layanan/pet-hotel"
"tips memilih pet hotel balikpapan","pet-hotel","Balikpapan","tips memilih","/layanan/pet-hotel"
"tips memilih pet hotel samarinda","pet-hotel","Samarinda","tips memilih","/layanan/pet-hotel"
"tips memilih pet hotel palembang","pet-hotel","Palembang","tips memilih","/layanan/pet-hotel"
"tips memilih pet hotel pekanbaru","pet-hotel","Pekanbaru","tips memilih","/layanan/pet-hotel"
"tips memilih pet hotel manado","pet-hotel","Manado","tips memilih","/layanan/pet-hotel"
"persiapan menggunakan pet hotel jakarta","pet-hotel","Jakarta","persiapan menggunakan","/layanan/pet-hotel"
"persiapan menggunakan pet hotel bogor","pet-hotel","Bogor","persiapan menggunakan","/layanan/pet-hotel"
"persiapan menggunakan pet hotel depok","pet-hotel","Depok","persiapan menggunakan","/layanan/pet-hotel"
"persiapan menggunakan pet hotel tangerang","pet-hotel","Tangerang","persiapan menggunakan","/layanan/pet-hotel"
"persiapan menggunakan pet hotel bekasi","pet-hotel","Bekasi","persiapan menggunakan","/layanan/pet-hotel"
"persiapan menggunakan pet hotel bandung","pet-hotel","Bandung","persiapan menggunakan","/layanan/pet-hotel"
"persiapan menggunakan pet hotel surabaya","pet-hotel","Surabaya","persiapan menggunakan","/layanan/pet-hotel"
"persiapan menggunakan pet hotel semarang","pet-hotel","Semarang","persiapan menggunakan","/layanan/pet-hotel"
"persiapan menggunakan pet hotel yogyakarta","pet-hotel","Yogyakarta","persiapan menggunakan","/layanan/pet-hotel"
"persiapan menggunakan pet hotel denpasar","pet-hotel","Denpasar","persiapan menggunakan","/layanan/pet-hotel"
"persiapan menggunakan pet hotel medan","pet-hotel","Medan","persiapan menggunakan","/layanan/pet-hotel"
"persiapan menggunakan pet hotel makassar","pet-hotel","Makassar","persiapan menggunakan","/layanan/pet-hotel"
"persiapan menggunakan pet hotel malang","pet-hotel","Malang","persiapan menggunakan","/layanan/pet-hotel"
"persiapan menggunakan pet hotel solo","pet-hotel","Solo","persiapan menggunakan","/layanan/pet-hotel"
"persiapan menggunakan pet hotel batam","pet-hotel","Batam","persiapan menggunakan","/layanan/pet-hotel"
"persiapan menggunakan pet hotel balikpapan","pet-hotel","Balikpapan","persiapan menggunakan","/layanan/pet-hotel"
"persiapan menggunakan pet hotel samarinda","pet-hotel","Samarinda","persiapan menggunakan","/layanan/pet-hotel"
"persiapan menggunakan pet hotel palembang","pet-hotel","Palembang","persiapan menggunakan","/layanan/pet-hotel"
"persiapan menggunakan pet hotel pekanbaru","pet-hotel","Pekanbaru","persiapan menggunakan","/layanan/pet-hotel"
"persiapan menggunakan pet hotel manado","pet-hotel","Manado","persiapan menggunakan","/layanan/pet-hotel"
"panduan pet hotel jakarta","pet-hotel","Jakarta","panduan","/layanan/pet-hotel"
"panduan pet hotel bogor","pet-hotel","Bogor","panduan","/layanan/pet-hotel"
"panduan pet hotel depok","pet-hotel","Depok","panduan","/layanan/pet-hotel"
"panduan pet hotel tangerang","pet-hotel","Tangerang","panduan","/layanan/pet-hotel"
"panduan pet hotel bekasi","pet-hotel","Bekasi","panduan","/layanan/pet-hotel"
"panduan pet hotel bandung","pet-hotel","Bandung","panduan","/layanan/pet-hotel"
"panduan pet hotel surabaya","pet-hotel","Surabaya","panduan","/layanan/pet-hotel"
"panduan pet hotel semarang","pet-hotel","Semarang","panduan","/layanan/pet-hotel"
"panduan pet hotel yogyakarta","pet-hotel","Yogyakarta","panduan","/layanan/pet-hotel"
"panduan pet hotel denpasar","pet-hotel","Denpasar","panduan","/layanan/pet-hotel"
"panduan pet hotel medan","pet-hotel","Medan","panduan","/layanan/pet-hotel"
"panduan pet hotel makassar","pet-hotel","Makassar","panduan","/layanan/pet-hotel"
"panduan pet hotel malang","pet-hotel","Malang","panduan","/layanan/pet-hotel"
"panduan pet hotel solo","pet-hotel","Solo","panduan","/layanan/pet-hotel"
"panduan pet hotel batam","pet-hotel","Batam","panduan","/layanan/pet-hotel"
"panduan pet hotel balikpapan","pet-hotel","Balikpapan","panduan","/layanan/pet-hotel"
"panduan pet hotel samarinda","pet-hotel","Samarinda","panduan","/layanan/pet-hotel"
"panduan pet hotel palembang","pet-hotel","Palembang","panduan","/layanan/pet-hotel"
"panduan pet hotel pekanbaru","pet-hotel","Pekanbaru","panduan","/layanan/pet-hotel"
"panduan pet hotel manado","pet-hotel","Manado","panduan","/layanan/pet-hotel"
"lowongan part time pet hotel jakarta","pet-hotel","Jakarta","lowongan part time","/career/pet-sitter"
"lowongan part time pet hotel bogor","pet-hotel","Bogor","lowongan part time","/career/pet-sitter"
"lowongan part time pet hotel depok","pet-hotel","Depok","lowongan part time","/career/pet-sitter"
"lowongan part time pet hotel tangerang","pet-hotel","Tangerang","lowongan part time","/career/pet-sitter"
"lowongan part time pet hotel bekasi","pet-hotel","Bekasi","lowongan part time","/career/pet-sitter"
"lowongan part time pet hotel bandung","pet-hotel","Bandung","lowongan part time","/career/pet-sitter"
"lowongan part time pet hotel surabaya","pet-hotel","Surabaya","lowongan part time","/career/pet-sitter"
"lowongan part time pet hotel semarang","pet-hotel","Semarang","lowongan part time","/career/pet-sitter"
"lowongan part time pet hotel yogyakarta","pet-hotel","Yogyakarta","lowongan part time","/career/pet-sitter"
"lowongan part time pet hotel denpasar","pet-hotel","Denpasar","lowongan part time","/career/pet-sitter"
"lowongan part time pet hotel medan","pet-hotel","Medan","lowongan part time","/career/pet-sitter"
"lowongan part time pet hotel makassar","pet-hotel","Makassar","lowongan part time","/career/pet-sitter"
"lowongan part time pet hotel malang","pet-hotel","Malang","lowongan part time","/career/pet-sitter"
"lowongan part time pet hotel solo","pet-hotel","Solo","lowongan part time","/career/pet-sitter"
"lowongan part time pet hotel batam","pet-hotel","Batam","lowongan part time","/career/pet-sitter"
"lowongan part time pet hotel balikpapan","pet-hotel","Balikpapan","lowongan part time","/career/pet-sitter"
"lowongan part time pet hotel samarinda","pet-hotel","Samarinda","lowongan part time","/career/pet-sitter"
"lowongan part time pet hotel palembang","pet-hotel","Palembang","lowongan part time","/career/pet-sitter"
"lowongan part time pet hotel pekanbaru","pet-hotel","Pekanbaru","lowongan part time","/career/pet-sitter"
"lowongan part time pet hotel manado","pet-hotel","Manado","lowongan part time","/career/pet-sitter"
"freelance pet hotel jakarta","pet-hotel","Jakarta","freelance","/career/pet-sitter"
"freelance pet hotel bogor","pet-hotel","Bogor","freelance","/career/pet-sitter"
"freelance pet hotel depok","pet-hotel","Depok","freelance","/career/pet-sitter"
"freelance pet hotel tangerang","pet-hotel","Tangerang","freelance","/career/pet-sitter"
"freelance pet hotel bekasi","pet-hotel","Bekasi","freelance","/career/pet-sitter"
"freelance pet hotel bandung","pet-hotel","Bandung","freelance","/career/pet-sitter"
"freelance pet hotel surabaya","pet-hotel","Surabaya","freelance","/career/pet-sitter"
"freelance pet hotel semarang","pet-hotel","Semarang","freelance","/career/pet-sitter"
"freelance pet hotel yogyakarta","pet-hotel","Yogyakarta","freelance","/career/pet-sitter"
"freelance pet hotel denpasar","pet-hotel","Denpasar","freelance","/career/pet-sitter"
"freelance pet hotel medan","pet-hotel","Medan","freelance","/career/pet-sitter"
"freelance pet hotel makassar","pet-hotel","Makassar","freelance","/career/pet-sitter"
"freelance pet hotel malang","pet-hotel","Malang","freelance","/career/pet-sitter"
"freelance pet hotel solo","pet-hotel","Solo","freelance","/career/pet-sitter"
"freelance pet hotel batam","pet-hotel","Batam","freelance","/career/pet-sitter"
"freelance pet hotel balikpapan","pet-hotel","Balikpapan","freelance","/career/pet-sitter"
"freelance pet hotel samarinda","pet-hotel","Samarinda","freelance","/career/pet-sitter"
"freelance pet hotel palembang","pet-hotel","Palembang","freelance","/career/pet-sitter"
"freelance pet hotel pekanbaru","pet-hotel","Pekanbaru","freelance","/career/pet-sitter"
"freelance pet hotel manado","pet-hotel","Manado","freelance","/career/pet-sitter"
"lowongan pet taxi jakarta","pet-taxi","Jakarta","lowongan","/career/pet-taxi"
"lowongan pet taxi bogor","pet-taxi","Bogor","lowongan","/career/pet-taxi"
"lowongan pet taxi depok","pet-taxi","Depok","lowongan","/career/pet-taxi"
"lowongan pet taxi tangerang","pet-taxi","Tangerang","lowongan","/career/pet-taxi"
"lowongan pet taxi bekasi","pet-taxi","Bekasi","lowongan","/career/pet-taxi"
"lowongan pet taxi bandung","pet-taxi","Bandung","lowongan","/career/pet-taxi"
"lowongan pet taxi surabaya","pet-taxi","Surabaya","lowongan","/career/pet-taxi"
"lowongan pet taxi semarang","pet-taxi","Semarang","lowongan","/career/pet-taxi"
"lowongan pet taxi yogyakarta","pet-taxi","Yogyakarta","lowongan","/career/pet-taxi"
"lowongan pet taxi denpasar","pet-taxi","Denpasar","lowongan","/career/pet-taxi"
"lowongan pet taxi medan","pet-taxi","Medan","lowongan","/career/pet-taxi"
"lowongan pet taxi makassar","pet-taxi","Makassar","lowongan","/career/pet-taxi"
"lowongan pet taxi malang","pet-taxi","Malang","lowongan","/career/pet-taxi"
"lowongan pet taxi solo","pet-taxi","Solo","lowongan","/career/pet-taxi"
"lowongan pet taxi batam","pet-taxi","Batam","lowongan","/career/pet-taxi"
"lowongan pet taxi balikpapan","pet-taxi","Balikpapan","lowongan","/career/pet-taxi"
"lowongan pet taxi samarinda","pet-taxi","Samarinda","lowongan","/career/pet-taxi"
"lowongan pet taxi palembang","pet-taxi","Palembang","lowongan","/career/pet-taxi"
"lowongan pet taxi pekanbaru","pet-taxi","Pekanbaru","lowongan","/career/pet-taxi"
"lowongan pet taxi manado","pet-taxi","Manado","lowongan","/career/pet-taxi"
"loker pet taxi jakarta","pet-taxi","Jakarta","loker","/career/pet-taxi"
"loker pet taxi bogor","pet-taxi","Bogor","loker","/career/pet-taxi"
"loker pet taxi depok","pet-taxi","Depok","loker","/career/pet-taxi"
"loker pet taxi tangerang","pet-taxi","Tangerang","loker","/career/pet-taxi"
"loker pet taxi bekasi","pet-taxi","Bekasi","loker","/career/pet-taxi"
"loker pet taxi bandung","pet-taxi","Bandung","loker","/career/pet-taxi"
"loker pet taxi surabaya","pet-taxi","Surabaya","loker","/career/pet-taxi"
"loker pet taxi semarang","pet-taxi","Semarang","loker","/career/pet-taxi"
"loker pet taxi yogyakarta","pet-taxi","Yogyakarta","loker","/career/pet-taxi"
"loker pet taxi denpasar","pet-taxi","Denpasar","loker","/career/pet-taxi"
"loker pet taxi medan","pet-taxi","Medan","loker","/career/pet-taxi"
"loker pet taxi makassar","pet-taxi","Makassar","loker","/career/pet-taxi"
"loker pet taxi malang","pet-taxi","Malang","loker","/career/pet-taxi"
"loker pet taxi solo","pet-taxi","Solo","loker","/career/pet-taxi"
"loker pet taxi batam","pet-taxi","Batam","loker","/career/pet-taxi"
"loker pet taxi balikpapan","pet-taxi","Balikpapan","loker","/career/pet-taxi"
"loker pet taxi samarinda","pet-taxi","Samarinda","loker","/career/pet-taxi"
"loker pet taxi palembang","pet-taxi","Palembang","loker","/career/pet-taxi"
"loker pet taxi pekanbaru","pet-taxi","Pekanbaru","loker","/career/pet-taxi"
"loker pet taxi manado","pet-taxi","Manado","loker","/career/pet-taxi"
"lowongan part time pet taxi jakarta","pet-taxi","Jakarta","lowongan part time","/career/pet-taxi"
"lowongan part time pet taxi bogor","pet-taxi","Bogor","lowongan part time","/career/pet-taxi"
"lowongan part time pet taxi depok","pet-taxi","Depok","lowongan part time","/career/pet-taxi"
"lowongan part time pet taxi tangerang","pet-taxi","Tangerang","lowongan part time","/career/pet-taxi"
"lowongan part time pet taxi bekasi","pet-taxi","Bekasi","lowongan part time","/career/pet-taxi"
"lowongan part time pet taxi bandung","pet-taxi","Bandung","lowongan part time","/career/pet-taxi"
"lowongan part time pet taxi surabaya","pet-taxi","Surabaya","lowongan part time","/career/pet-taxi"
"lowongan part time pet taxi semarang","pet-taxi","Semarang","lowongan part time","/career/pet-taxi"
"lowongan part time pet taxi yogyakarta","pet-taxi","Yogyakarta","lowongan part time","/career/pet-taxi"
"lowongan part time pet taxi denpasar","pet-taxi","Denpasar","lowongan part time","/career/pet-taxi"
"lowongan part time pet taxi medan","pet-taxi","Medan","lowongan part time","/career/pet-taxi"
"lowongan part time pet taxi makassar","pet-taxi","Makassar","lowongan part time","/career/pet-taxi"
"lowongan part time pet taxi malang","pet-taxi","Malang","lowongan part time","/career/pet-taxi"
"lowongan part time pet taxi solo","pet-taxi","Solo","lowongan part time","/career/pet-taxi"
"lowongan part time pet taxi batam","pet-taxi","Batam","lowongan part time","/career/pet-taxi"
"lowongan part time pet taxi balikpapan","pet-taxi","Balikpapan","lowongan part time","/career/pet-taxi"
"lowongan part time pet taxi samarinda","pet-taxi","Samarinda","lowongan part time","/career/pet-taxi"
"lowongan part time pet taxi palembang","pet-taxi","Palembang","lowongan part time","/career/pet-taxi"
"lowongan part time pet taxi pekanbaru","pet-taxi","Pekanbaru","lowongan part time","/career/pet-taxi"
"lowongan part time pet taxi manado","pet-taxi","Manado","lowongan part time","/career/pet-taxi"
"lowongan freelance pet taxi jakarta","pet-taxi","Jakarta","lowongan freelance","/career/pet-taxi"
"lowongan freelance pet taxi bogor","pet-taxi","Bogor","lowongan freelance","/career/pet-taxi"
"lowongan freelance pet taxi depok","pet-taxi","Depok","lowongan freelance","/career/pet-taxi"
"lowongan freelance pet taxi tangerang","pet-taxi","Tangerang","lowongan freelance","/career/pet-taxi"
"lowongan freelance pet taxi bekasi","pet-taxi","Bekasi","lowongan freelance","/career/pet-taxi"
"lowongan freelance pet taxi bandung","pet-taxi","Bandung","lowongan freelance","/career/pet-taxi"
"lowongan freelance pet taxi surabaya","pet-taxi","Surabaya","lowongan freelance","/career/pet-taxi"
"lowongan freelance pet taxi semarang","pet-taxi","Semarang","lowongan freelance","/career/pet-taxi"
"lowongan freelance pet taxi yogyakarta","pet-taxi","Yogyakarta","lowongan freelance","/career/pet-taxi"
"lowongan freelance pet taxi denpasar","pet-taxi","Denpasar","lowongan freelance","/career/pet-taxi"
"lowongan freelance pet taxi medan","pet-taxi","Medan","lowongan freelance","/career/pet-taxi"
"lowongan freelance pet taxi makassar","pet-taxi","Makassar","lowongan freelance","/career/pet-taxi"
"lowongan freelance pet taxi malang","pet-taxi","Malang","lowongan freelance","/career/pet-taxi"
"lowongan freelance pet taxi solo","pet-taxi","Solo","lowongan freelance","/career/pet-taxi"
"lowongan freelance pet taxi batam","pet-taxi","Batam","lowongan freelance","/career/pet-taxi"
"lowongan freelance pet taxi balikpapan","pet-taxi","Balikpapan","lowongan freelance","/career/pet-taxi"
"lowongan freelance pet taxi samarinda","pet-taxi","Samarinda","lowongan freelance","/career/pet-taxi"
"lowongan freelance pet taxi palembang","pet-taxi","Palembang","lowongan freelance","/career/pet-taxi"
"lowongan freelance pet taxi pekanbaru","pet-taxi","Pekanbaru","lowongan freelance","/career/pet-taxi"
"lowongan freelance pet taxi manado","pet-taxi","Manado","lowongan freelance","/career/pet-taxi"
"mitra pet taxi jakarta","pet-taxi","Jakarta","mitra","/career/pet-taxi"
"mitra pet taxi bogor","pet-taxi","Bogor","mitra","/career/pet-taxi"
"mitra pet taxi depok","pet-taxi","Depok","mitra","/career/pet-taxi"
"mitra pet taxi tangerang","pet-taxi","Tangerang","mitra","/career/pet-taxi"
"mitra pet taxi bekasi","pet-taxi","Bekasi","mitra","/career/pet-taxi"
"mitra pet taxi bandung","pet-taxi","Bandung","mitra","/career/pet-taxi"
"mitra pet taxi surabaya","pet-taxi","Surabaya","mitra","/career/pet-taxi"
"mitra pet taxi semarang","pet-taxi","Semarang","mitra","/career/pet-taxi"
"mitra pet taxi yogyakarta","pet-taxi","Yogyakarta","mitra","/career/pet-taxi"
"mitra pet taxi denpasar","pet-taxi","Denpasar","mitra","/career/pet-taxi"
"mitra pet taxi medan","pet-taxi","Medan","mitra","/career/pet-taxi"
"mitra pet taxi makassar","pet-taxi","Makassar","mitra","/career/pet-taxi"
"mitra pet taxi malang","pet-taxi","Malang","mitra","/career/pet-taxi"
"mitra pet taxi solo","pet-taxi","Solo","mitra","/career/pet-taxi"
"mitra pet taxi batam","pet-taxi","Batam","mitra","/career/pet-taxi"
"mitra pet taxi balikpapan","pet-taxi","Balikpapan","mitra","/career/pet-taxi"
"mitra pet taxi samarinda","pet-taxi","Samarinda","mitra","/career/pet-taxi"
"mitra pet taxi palembang","pet-taxi","Palembang","mitra","/career/pet-taxi"
"mitra pet taxi pekanbaru","pet-taxi","Pekanbaru","mitra","/career/pet-taxi"
"mitra pet taxi manado","pet-taxi","Manado","mitra","/career/pet-taxi"
"karier pet taxi jakarta","pet-taxi","Jakarta","karier","/career/pet-taxi"
"karier pet taxi bogor","pet-taxi","Bogor","karier","/career/pet-taxi"
"karier pet taxi depok","pet-taxi","Depok","karier","/career/pet-taxi"
"karier pet taxi tangerang","pet-taxi","Tangerang","karier","/career/pet-taxi"
"karier pet taxi bekasi","pet-taxi","Bekasi","karier","/career/pet-taxi"
"karier pet taxi bandung","pet-taxi","Bandung","karier","/career/pet-taxi"
"karier pet taxi surabaya","pet-taxi","Surabaya","karier","/career/pet-taxi"
"karier pet taxi semarang","pet-taxi","Semarang","karier","/career/pet-taxi"
"karier pet taxi yogyakarta","pet-taxi","Yogyakarta","karier","/career/pet-taxi"
"karier pet taxi denpasar","pet-taxi","Denpasar","karier","/career/pet-taxi"
"karier pet taxi medan","pet-taxi","Medan","karier","/career/pet-taxi"
"karier pet taxi makassar","pet-taxi","Makassar","karier","/career/pet-taxi"
"karier pet taxi malang","pet-taxi","Malang","karier","/career/pet-taxi"
"karier pet taxi solo","pet-taxi","Solo","karier","/career/pet-taxi"
"karier pet taxi batam","pet-taxi","Batam","karier","/career/pet-taxi"
"karier pet taxi balikpapan","pet-taxi","Balikpapan","karier","/career/pet-taxi"
"karier pet taxi samarinda","pet-taxi","Samarinda","karier","/career/pet-taxi"
"karier pet taxi palembang","pet-taxi","Palembang","karier","/career/pet-taxi"
"karier pet taxi pekanbaru","pet-taxi","Pekanbaru","karier","/career/pet-taxi"
"karier pet taxi manado","pet-taxi","Manado","karier","/career/pet-taxi"
"persyaratan melamar pet taxi jakarta","pet-taxi","Jakarta","persyaratan melamar","/career/pet-taxi"
"persyaratan melamar pet taxi bogor","pet-taxi","Bogor","persyaratan melamar","/career/pet-taxi"
"persyaratan melamar pet taxi depok","pet-taxi","Depok","persyaratan melamar","/career/pet-taxi"
"persyaratan melamar pet taxi tangerang","pet-taxi","Tangerang","persyaratan melamar","/career/pet-taxi"
"persyaratan melamar pet taxi bekasi","pet-taxi","Bekasi","persyaratan melamar","/career/pet-taxi"
"persyaratan melamar pet taxi bandung","pet-taxi","Bandung","persyaratan melamar","/career/pet-taxi"
"persyaratan melamar pet taxi surabaya","pet-taxi","Surabaya","persyaratan melamar","/career/pet-taxi"
"persyaratan melamar pet taxi semarang","pet-taxi","Semarang","persyaratan melamar","/career/pet-taxi"
"persyaratan melamar pet taxi yogyakarta","pet-taxi","Yogyakarta","persyaratan melamar","/career/pet-taxi"
"persyaratan melamar pet taxi denpasar","pet-taxi","Denpasar","persyaratan melamar","/career/pet-taxi"
"persyaratan melamar pet taxi medan","pet-taxi","Medan","persyaratan melamar","/career/pet-taxi"
"persyaratan melamar pet taxi makassar","pet-taxi","Makassar","persyaratan melamar","/career/pet-taxi"
"persyaratan melamar pet taxi malang","pet-taxi","Malang","persyaratan melamar","/career/pet-taxi"
"persyaratan melamar pet taxi solo","pet-taxi","Solo","persyaratan melamar","/career/pet-taxi"
"persyaratan melamar pet taxi batam","pet-taxi","Batam","persyaratan melamar","/career/pet-taxi"
"persyaratan melamar pet taxi balikpapan","pet-taxi","Balikpapan","persyaratan melamar","/career/pet-taxi"
"persyaratan melamar pet taxi samarinda","pet-taxi","Samarinda","persyaratan melamar","/career/pet-taxi"
"persyaratan melamar pet taxi palembang","pet-taxi","Palembang","persyaratan melamar","/career/pet-taxi"
"persyaratan melamar pet taxi pekanbaru","pet-taxi","Pekanbaru","persyaratan melamar","/career/pet-taxi"
"persyaratan melamar pet taxi manado","pet-taxi","Manado","persyaratan melamar","/career/pet-taxi"
"pendaftaran mitra pet taxi jakarta","pet-taxi","Jakarta","pendaftaran mitra","/career/pet-taxi"
"pendaftaran mitra pet taxi bogor","pet-taxi","Bogor","pendaftaran mitra","/career/pet-taxi"
"pendaftaran mitra pet taxi depok","pet-taxi","Depok","pendaftaran mitra","/career/pet-taxi"
"pendaftaran mitra pet taxi tangerang","pet-taxi","Tangerang","pendaftaran mitra","/career/pet-taxi"
"pendaftaran mitra pet taxi bekasi","pet-taxi","Bekasi","pendaftaran mitra","/career/pet-taxi"
"pendaftaran mitra pet taxi bandung","pet-taxi","Bandung","pendaftaran mitra","/career/pet-taxi"
"pendaftaran mitra pet taxi surabaya","pet-taxi","Surabaya","pendaftaran mitra","/career/pet-taxi"
"pendaftaran mitra pet taxi semarang","pet-taxi","Semarang","pendaftaran mitra","/career/pet-taxi"
"pendaftaran mitra pet taxi yogyakarta","pet-taxi","Yogyakarta","pendaftaran mitra","/career/pet-taxi"
"pendaftaran mitra pet taxi denpasar","pet-taxi","Denpasar","pendaftaran mitra","/career/pet-taxi"
"pendaftaran mitra pet taxi medan","pet-taxi","Medan","pendaftaran mitra","/career/pet-taxi"
"pendaftaran mitra pet taxi makassar","pet-taxi","Makassar","pendaftaran mitra","/career/pet-taxi"
"pendaftaran mitra pet taxi malang","pet-taxi","Malang","pendaftaran mitra","/career/pet-taxi"
"pendaftaran mitra pet taxi solo","pet-taxi","Solo","pendaftaran mitra","/career/pet-taxi"
"pendaftaran mitra pet taxi batam","pet-taxi","Batam","pendaftaran mitra","/career/pet-taxi"
"pendaftaran mitra pet taxi balikpapan","pet-taxi","Balikpapan","pendaftaran mitra","/career/pet-taxi"
"pendaftaran mitra pet taxi samarinda","pet-taxi","Samarinda","pendaftaran mitra","/career/pet-taxi"
"pendaftaran mitra pet taxi palembang","pet-taxi","Palembang","pendaftaran mitra","/career/pet-taxi"
"pendaftaran mitra pet taxi pekanbaru","pet-taxi","Pekanbaru","pendaftaran mitra","/career/pet-taxi"
"pendaftaran mitra pet taxi manado","pet-taxi","Manado","pendaftaran mitra","/career/pet-taxi"
"form lamaran pet taxi jakarta","pet-taxi","Jakarta","form lamaran","/career/pet-taxi"
"form lamaran pet taxi bogor","pet-taxi","Bogor","form lamaran","/career/pet-taxi"
"form lamaran pet taxi depok","pet-taxi","Depok","form lamaran","/career/pet-taxi"
"form lamaran pet taxi tangerang","pet-taxi","Tangerang","form lamaran","/career/pet-taxi"
"form lamaran pet taxi bekasi","pet-taxi","Bekasi","form lamaran","/career/pet-taxi"
"form lamaran pet taxi bandung","pet-taxi","Bandung","form lamaran","/career/pet-taxi"
"form lamaran pet taxi surabaya","pet-taxi","Surabaya","form lamaran","/career/pet-taxi"
"form lamaran pet taxi semarang","pet-taxi","Semarang","form lamaran","/career/pet-taxi"
"form lamaran pet taxi yogyakarta","pet-taxi","Yogyakarta","form lamaran","/career/pet-taxi"
"form lamaran pet taxi denpasar","pet-taxi","Denpasar","form lamaran","/career/pet-taxi"
"form lamaran pet taxi medan","pet-taxi","Medan","form lamaran","/career/pet-taxi"
"form lamaran pet taxi makassar","pet-taxi","Makassar","form lamaran","/career/pet-taxi"
"form lamaran pet taxi malang","pet-taxi","Malang","form lamaran","/career/pet-taxi"
"form lamaran pet taxi solo","pet-taxi","Solo","form lamaran","/career/pet-taxi"
"form lamaran pet taxi batam","pet-taxi","Batam","form lamaran","/career/pet-taxi"
"form lamaran pet taxi balikpapan","pet-taxi","Balikpapan","form lamaran","/career/pet-taxi"
"form lamaran pet taxi samarinda","pet-taxi","Samarinda","form lamaran","/career/pet-taxi"
"form lamaran pet taxi palembang","pet-taxi","Palembang","form lamaran","/career/pet-taxi"
"form lamaran pet taxi pekanbaru","pet-taxi","Pekanbaru","form lamaran","/career/pet-taxi"
"form lamaran pet taxi manado","pet-taxi","Manado","form lamaran","/career/pet-taxi"
"kesempatan kerja pet taxi jakarta","pet-taxi","Jakarta","kesempatan kerja","/career/pet-taxi"
"kesempatan kerja pet taxi bogor","pet-taxi","Bogor","kesempatan kerja","/career/pet-taxi"
"kesempatan kerja pet taxi depok","pet-taxi","Depok","kesempatan kerja","/career/pet-taxi"
"kesempatan kerja pet taxi tangerang","pet-taxi","Tangerang","kesempatan kerja","/career/pet-taxi"
"kesempatan kerja pet taxi bekasi","pet-taxi","Bekasi","kesempatan kerja","/career/pet-taxi"
"kesempatan kerja pet taxi bandung","pet-taxi","Bandung","kesempatan kerja","/career/pet-taxi"
"kesempatan kerja pet taxi surabaya","pet-taxi","Surabaya","kesempatan kerja","/career/pet-taxi"
"kesempatan kerja pet taxi semarang","pet-taxi","Semarang","kesempatan kerja","/career/pet-taxi"
"kesempatan kerja pet taxi yogyakarta","pet-taxi","Yogyakarta","kesempatan kerja","/career/pet-taxi"
"kesempatan kerja pet taxi denpasar","pet-taxi","Denpasar","kesempatan kerja","/career/pet-taxi"
"kesempatan kerja pet taxi medan","pet-taxi","Medan","kesempatan kerja","/career/pet-taxi"
"kesempatan kerja pet taxi makassar","pet-taxi","Makassar","kesempatan kerja","/career/pet-taxi"
"kesempatan kerja pet taxi malang","pet-taxi","Malang","kesempatan kerja","/career/pet-taxi"
"kesempatan kerja pet taxi solo","pet-taxi","Solo","kesempatan kerja","/career/pet-taxi"
"kesempatan kerja pet taxi batam","pet-taxi","Batam","kesempatan kerja","/career/pet-taxi"
"kesempatan kerja pet taxi balikpapan","pet-taxi","Balikpapan","kesempatan kerja","/career/pet-taxi"
"kesempatan kerja pet taxi samarinda","pet-taxi","Samarinda","kesempatan kerja","/career/pet-taxi"
"kesempatan kerja pet taxi palembang","pet-taxi","Palembang","kesempatan kerja","/career/pet-taxi"
"kesempatan kerja pet taxi pekanbaru","pet-taxi","Pekanbaru","kesempatan kerja","/career/pet-taxi"
"kesempatan kerja pet taxi manado","pet-taxi","Manado","kesempatan kerja","/career/pet-taxi"
